NIK,PK,PERFORMANCE,COMPETENCY,LEARNING POINT,Kerja Ibadah,Apresiasi,Lebih cepat,Aktif bersama
200700326,1.0,1.02,1.09,0.0,0.95,0.98,0.94,0.87
199500085,0.93,0.93,1.02,0.0,0.88,0.86,0.9,0.99
199500048,0.91,0.98,1.05,0.0,0.96,0.99,1.0,1.0
200700297,0.98,1.03,1.13,0.0,0.92,0.89,1.0,0.94
201600670,0.9,1.02,1.02,0.0,0.95,0.98,1.0,0.99
199500049,0.9,1.03,1.03,0.0,0.68,0.73,0.81,0.68
199600129,1.0,0.98,1.14,0.0,0.98,0.94,1.0,1.0
199500059,0.94,0.95,1.07,0.0,0.99,0.96,0.91,0.96
201700733,0.99,1.01,1.14,1.0,0.96,1.0,1.0,1.0
201801023,0.98,1.01,1.07,1.0,1.0,1.0,1.0,1.0
201903269,0.99,0.99,1.06,1.0,1.0,0.94,0.85,0.88
202104089,1.0,1.01,1.09,1.0,1.0,1.0,1.0,1.0
201600660,1.0,1.02,1.04,1.0,0.97,0.97,0.98,0.89
201600647,1.0,1.0,1.02,1.0,0.88,0.78,0.8,0.77
201903571,1.0,1.0,0.99,1.0,0.85,0.78,0.78,0.78
201903198,1.0,0.99,0.94,1.0,0.85,0.83,0.72,0.77
199700087,1.0,1.02,1.01,1.0,0.97,0.92,0.9,0.92
201800932,1.0,1.0,1.03,1.0,0.95,0.78,0.82,0.83
201500608,1.0,0.98,1.0,1.0,0.89,0.77,0.82,0.81
201902913,1.0,1.0,1.0,1.0,0.81,0.78,0.78,0.89
201500613,1.0,1.01,1.16,1.0,0.92,0.98,1.0,1.0
201300534,1.0,1.02,1.15,1.0,1.0,0.99,0.99,1.0
200800369,1.0,1.0,1.11,1.0,1.0,1.0,1.0,1.0
201903147,1.0,1.04,1.18,1.0,1.0,1.0,0.98,1.0
200300191,1.03,1.06,1.06,1.0,0.96,1.0,1.0,0.94
201000366,1.0,1.03,1.01,1.0,1.0,0.99,0.95,1.0
200300192,1.0,1.02,1.0,1.0,1.0,0.99,0.94,0.98
201600655,0.92,0.93,1.08,1.0,0.95,0.96,0.92,0.92
201700849,1.0,1.01,1.05,1.0,0.68,1.0,0.9,0.82
201400561,1.0,1.01,1.07,1.0,0.9,0.88,0.92,0.91
200800340,1.0,1.01,1.02,1.0,0.99,1.0,0.94,0.99
202003810,1.0,1.01,1.05,1.0,0.95,1.0,0.9,0.94
201903381,1.0,0.99,0.98,1.0,0.95,0.99,0.86,0.88
201200410,1.0,1.01,0.98,1.0,0.91,0.81,0.94,0.89
200500231,0.98,0.96,1.02,1.0,0.87,0.76,0.88,0.79
201400568,1.0,1.02,1.04,1.0,0.83,0.98,0.8,1.0
201300524,1.0,0.99,0.94,1.0,0.94,0.97,0.74,0.92
201400588,1.0,1.0,1.07,1.0,0.92,0.99,0.82,1.0
201700738,1.0,1.01,1.0,1.0,0.96,0.94,0.76,0.78
201800885,0.92,0.92,1.1,1.0,0.92,0.91,0.94,0.88
200700298,1.0,0.99,1.05,1.0,0.8,0.79,0.89,0.84
199400044,1.0,1.0,1.03,1.0,0.96,0.9,0.93,0.94
201400562,0.99,0.98,0.99,1.0,0.92,0.81,0.94,0.94
201400560,0.99,1.01,0.98,1.0,0.95,0.87,0.98,0.98
201600681,0.99,1.05,0.98,1.0,0.82,0.88,0.94,0.93
200500235,1.0,1.0,0.97,1.0,0.91,0.94,0.84,0.97
201903170,1.0,0.98,1.05,1.0,0.84,0.92,0.94,0.88
202003997,1.0,0.99,0.94,1.0,0.96,0.94,0.86,0.89
201700700,1.0,1.01,1.12,1.0,0.95,0.94,0.94,1.0
201903053,0.99,1.01,1.07,1.0,0.95,0.92,0.95,1.0
201700741,0.99,1.0,1.06,1.0,0.96,0.99,0.94,1.0
201600732,1.0,1.0,1.07,1.0,0.95,0.99,0.94,0.99
201903266,1.0,0.99,1.07,1.0,0.95,0.94,0.96,1.0
201903572,1.0,1.0,1.08,1.0,0.96,0.94,0.96,1.0
202104129,1.0,0.99,1.0,0.53,0.94,0.92,0.94,0.98
201300499,1.0,1.04,1.07,1.0,0.94,0.89,1.0,0.95
201801110,0.99,1.01,1.08,1.0,0.92,0.99,0.94,0.92
201700743,0.96,0.97,1.07,1.0,0.87,0.92,0.72,0.88
199700121,0.98,0.99,1.05,0.95,1.0,0.98,0.98,0.99
201903029,0.84,0.87,1.09,1.0,0.98,0.98,0.98,1.0
201500618,0.99,1.0,1.1,1.0,1.0,0.99,0.94,0.99
201700992,0.84,0.89,1.16,1.0,1.0,0.99,0.98,1.0
201500634,0.95,0.96,1.01,1.0,0.96,0.99,0.91,0.94
201903024,0.97,0.97,1.02,1.0,1.0,1.0,0.86,1.0
200000161,0.9,0.94,1.13,1.0,0.98,0.91,0.98,0.96
201903540,0.99,0.99,1.1,1.0,0.78,0.85,0.77,0.82
201700702,1.0,1.02,0.97,1.0,0.83,0.94,0.9,0.98
201500624,1.0,1.02,1.09,1.0,1.0,0.83,1.0,1.0
201000398,0.99,0.99,1.03,1.0,0.98,0.82,0.98,0.99
201903042,0.99,1.0,1.01,1.0,0.98,0.82,0.71,1.0
201700698,0.97,0.99,1.01,1.0,0.9,0.82,0.86,0.85
199600073,1.0,1.03,1.12,1.0,0.95,1.0,0.94,0.99
201902910,0.98,0.99,0.99,1.0,0.91,0.76,0.85,0.93
201903611,0.98,0.97,1.06,1.0,0.96,0.82,1.0,0.87
201700706,0.97,0.99,1.0,1.0,0.97,0.99,0.9,0.93
202104088,1.0,0.99,0.99,1.0,0.92,0.94,0.86,1.0
202104078,0.99,0.99,1.01,1.0,0.92,1.0,1.0,1.0
202104077,1.0,0.99,1.02,1.0,0.86,0.92,0.99,1.0
202104076,1.0,1.0,1.0,1.0,0.95,1.0,0.96,1.0
199200037,0.99,0.98,1.12,1.0,0.77,0.78,0.77,0.78
201801076,1.0,1.02,1.16,1.0,0.98,0.98,0.98,0.98
201700742,1.0,1.01,1.2,1.0,0.98,0.98,0.99,0.81
201500662,1.0,1.01,1.2,1.0,1.0,1.0,0.98,1.0
201700737,1.0,1.01,1.14,1.0,1.0,0.99,1.0,0.99
201600672,1.0,1.0,1.07,1.0,0.97,0.97,0.97,0.81
202004002,1.0,1.0,1.15,1.0,0.99,1.0,1.0,1.0
201700720,1.0,1.01,1.15,1.0,1.0,0.99,0.99,1.0
201800883,1.0,1.02,1.2,1.0,1.0,0.99,0.99,0.99
202003978,1.0,1.0,1.19,1.0,1.0,1.0,1.0,0.82
202104137,1.0,1.0,1.19,0.55,1.0,0.99,0.98,1.0
201200636,0.99,0.97,0.96,1.0,0.78,0.78,0.73,0.78
201300464,0.99,0.98,0.92,1.0,0.8,0.77,0.68,0.78
200900338,0.99,1.0,1.1,1.0,0.99,0.99,0.98,0.99
201903276,0.98,1.0,1.02,1.0,1.0,1.0,0.95,0.94
200400227,0.99,0.97,1.09,1.0,0.89,0.89,0.98,0.89
200700295,0.98,0.97,1.08,1.0,1.0,0.94,0.85,0.94
201801071,0.98,0.99,1.02,1.0,1.0,0.94,0.91,0.94
200800349,0.9,0.95,1.18,1.0,1.0,1.0,1.0,1.0
199500055,0.96,0.99,1.09,1.0,0.96,1.0,0.96,0.94
200400210,0.98,0.98,1.05,1.0,0.94,0.88,0.9,0.94
201000396,0.99,1.0,1.05,1.0,1.0,1.0,1.0,1.0
200600264,0.97,0.99,1.02,1.0,1.0,1.0,1.0,1.0
201800884,0.97,0.97,0.99,1.0,1.0,0.94,0.9,0.99
201890004,1.0,0.99,1.01,0.0,0.96,0.98,0.92,0.96
201990009,0.9,0.91,0.97,0.0,0.96,0.98,0.88,0.91
201400556,0.99,1.0,1.06,1.0,0.9,0.99,0.92,0.94
200800305,1.0,1.0,1.07,1.0,0.95,0.91,0.88,0.88
200800314,1.0,1.02,1.11,1.0,1.0,1.0,0.95,1.0
201100393,0.98,1.0,1.04,1.0,0.94,0.89,0.93,0.94
201000464,0.96,0.98,0.98,1.0,0.86,0.8,0.85,0.78
202003815,0.97,0.99,1.09,1.0,1.0,1.0,1.0,1.0
201100374,0.96,0.96,1.0,1.0,0.99,0.93,0.9,0.98
201902989,0.95,0.95,1.0,1.0,0.95,0.86,0.88,0.98
201500621,0.96,0.98,1.04,1.0,1.0,0.99,0.93,0.99
201600884,0.96,0.98,1.0,1.0,1.0,1.0,0.89,0.98
201902995,0.97,0.98,1.01,1.0,1.0,1.0,0.96,1.0
200400228,0.97,0.96,1.07,1.0,0.95,0.83,0.91,0.83
201903575,0.96,0.98,1.13,1.0,1.0,1.0,0.94,0.98
200800302,0.95,0.96,1.15,1.0,0.91,0.97,0.98,0.96
201700735,0.96,0.94,1.04,1.0,0.73,0.78,0.86,0.78
201801068,0.98,0.97,1.03,1.0,0.9,0.82,0.86,0.88
201801027,0.98,0.99,1.18,1.0,1.0,1.0,1.0,1.0
200800304,0.97,0.97,1.02,1.0,0.96,0.89,0.86,0.94
201700736,0.98,0.96,1.04,1.0,0.78,0.81,0.84,0.76
201801024,0.97,0.98,1.02,1.0,1.0,0.94,0.86,0.94
201100383,0.97,0.96,1.08,1.0,0.81,0.83,0.82,0.78
201801025,0.98,1.0,1.18,1.0,1.0,1.0,1.0,1.0
201801065,0.97,0.96,1.07,1.0,0.85,0.83,0.86,0.82
200800301,0.98,1.0,1.18,1.0,1.0,1.0,1.0,1.0
201200415,0.96,0.95,1.13,1.0,0.88,0.83,0.8,0.77
201400580,0.97,0.98,1.05,1.0,0.94,0.98,0.93,0.95
201400563,0.97,0.97,1.12,1.0,0.71,0.97,0.86,0.97
201801066,0.97,0.98,1.11,1.0,0.92,0.96,0.92,1.0
200300207,0.99,1.0,1.02,1.0,0.81,0.89,0.86,0.89
201700867,0.95,0.95,1.01,1.0,1.0,1.0,0.91,0.94
201700739,0.96,0.96,0.98,1.0,0.95,0.98,0.84,0.93
201903236,0.96,0.97,1.17,1.0,1.0,0.94,0.91,0.88
201700687,0.99,0.99,1.02,1.0,0.96,1.0,0.86,0.94
201801063,0.99,1.0,1.18,1.0,1.0,1.0,1.0,1.0
202104130,0.96,0.91,0.96,1.0,0.1,0.71,0.82,0.83
202104094,0.95,0.91,0.95,1.0,0.1,0.76,0.84,0.94
202104058,0.97,0.98,1.17,1.0,1.0,1.0,1.0,1.0
202104093,0.97,0.96,1.01,1.0,0.88,0.77,0.82,0.83
201000333,0.99,1.03,1.02,1.0,0.96,0.96,0.96,0.91
201300544,1.0,1.02,1.05,1.0,0.96,0.99,0.94,1.0
201801070,1.0,1.03,1.07,1.0,0.96,0.94,0.91,1.0
201000350,0.94,0.94,0.91,1.0,0.92,0.71,0.68,0.72
202104025,1.0,1.0,1.07,1.0,0.96,0.94,0.82,1.0
201100382,0.99,0.99,0.97,1.0,0.95,0.88,0.88,0.94
201000331,0.99,0.99,1.03,1.0,0.94,0.95,0.96,0.94
201000338,1.0,1.03,1.08,1.0,0.93,0.96,1.0,0.97
201300486,1.0,1.02,1.1,1.0,0.96,1.0,0.96,0.94
201500598,1.0,1.02,1.1,1.0,0.99,0.99,0.84,0.99
202003944,0.99,1.0,1.0,1.0,0.8,0.93,0.91,1.0
201701004,0.98,1.01,1.04,1.0,0.91,0.98,0.9,0.99
201903094,0.99,1.01,1.03,1.0,0.89,0.89,0.86,0.78
199900162,1.0,1.0,1.05,1.0,1.0,0.94,0.96,0.99
201500619,0.99,0.98,1.0,1.0,1.0,0.94,0.94,0.88
200800313,0.97,0.96,1.04,1.0,0.92,0.9,0.94,0.94
201300554,0.96,0.97,1.15,1.0,1.0,0.99,1.0,1.0
201500727,0.98,0.97,1.06,1.0,0.92,0.87,0.86,0.88
201200423,0.98,1.02,1.13,1.0,1.0,1.0,0.95,1.0
201700697,0.99,0.98,1.18,1.0,0.88,1.0,1.0,0.89
201801075,0.98,1.0,1.16,1.0,0.98,1.0,0.96,1.0
201200414,1.0,1.01,1.06,1.0,0.95,0.97,0.95,1.0
201200456,1.0,1.03,1.16,1.0,0.99,0.98,0.98,0.99
201000371,1.0,1.01,0.99,1.0,0.97,0.9,0.86,0.9
202003820,1.0,1.01,1.12,1.0,0.96,1.0,0.94,0.99
201300548,1.0,1.0,1.12,1.0,0.78,0.83,0.91,0.83
201600668,1.0,1.03,1.09,1.0,0.98,0.99,0.98,1.0
201400581,1.0,1.0,1.11,1.0,0.92,0.88,0.9,0.99
201902985,1.0,1.0,1.07,1.0,0.87,0.94,0.9,0.88
201903088,1.0,1.02,1.14,1.0,0.99,0.99,0.9,0.98
201903197,1.0,1.01,1.06,1.0,0.96,0.88,0.85,0.93
201500622,1.0,1.01,1.18,1.0,0.98,1.0,1.0,1.0
201902914,0.99,0.98,1.04,1.0,0.84,0.77,0.9,0.75
201801094,1.0,0.99,1.0,1.0,0.85,0.83,0.85,0.83
201700744,1.0,0.97,1.01,1.0,0.76,0.77,0.78,0.78
200200190,1.0,1.02,1.05,1.0,0.98,0.94,0.95,0.91
201000380,1.0,1.0,1.05,1.0,0.99,0.94,0.96,1.0
200100162,1.0,1.0,1.16,1.0,0.88,0.94,0.98,0.98
201200462,1.0,1.01,1.11,1.0,1.0,1.0,0.98,0.94
201700705,1.0,1.01,1.16,1.0,0.92,0.81,0.9,0.93
201903199,1.0,1.02,1.05,1.0,0.88,0.98,0.99,0.99
201903449,1.0,1.01,1.05,1.0,0.88,0.99,0.98,0.93
201400553,1.0,1.01,1.06,1.0,0.89,1.0,0.99,0.99
201700972,1.0,1.0,1.08,1.0,0.88,0.99,0.98,0.99
201903450,1.0,1.01,1.04,1.0,0.88,0.98,0.99,0.98
201700971,1.0,1.01,1.11,1.0,0.89,1.0,1.0,1.0
202104138,1.0,0.99,1.0,0.53,0.77,1.0,0.99,1.0
201801077,1.0,1.01,1.1,1.0,0.88,0.94,0.98,1.0
201500612,1.0,1.02,1.1,1.0,0.98,0.99,0.94,0.99
200900323,1.0,1.02,1.04,1.0,0.99,1.0,1.0,0.99
201000402,0.99,1.01,1.05,1.0,0.97,0.99,0.99,0.99
201300539,0.99,1.02,1.06,1.0,1.0,0.99,1.0,0.99
201200458,0.99,1.0,1.04,1.0,1.0,0.99,0.98,0.99
201300516,1.0,1.02,1.07,1.0,0.99,1.0,1.0,0.99
200900322,1.0,1.01,1.1,1.0,0.95,1.0,1.0,1.0
201400572,0.99,1.0,1.01,1.0,0.99,0.99,0.99,0.99
202003941,0.99,1.0,1.02,1.0,0.99,0.99,0.99,0.98
200700296,0.96,0.97,1.03,1.0,1.0,1.0,1.0,1.0
201903452,1.0,1.01,1.05,1.0,1.0,1.0,1.0,1.0
201600666,1.0,1.04,1.05,1.0,0.96,1.0,1.0,0.94
201801119,0.99,1.0,0.95,1.0,0.88,0.98,0.96,0.99
201801078,0.99,1.0,1.01,1.0,0.99,1.0,1.0,1.0
201300663,0.99,1.0,1.0,1.0,1.0,0.99,1.0,1.0
201300781,0.99,1.0,1.03,1.0,0.99,0.99,0.98,1.0
201700954,0.99,0.99,1.03,1.0,1.0,0.98,0.98,0.98
201400585,0.99,1.0,0.95,1.0,1.0,1.0,1.0,0.99
201090002,0.99,0.99,1.01,1.0,1.0,1.0,1.0,1.0
202104139,0.99,0.99,1.01,1.0,1.0,1.0,1.0,0.99
201100404,1.0,1.0,1.01,1.0,0.9,0.94,0.96,0.87
201903089,1.0,0.99,1.06,1.0,1.0,0.87,0.86,0.81
201200438,1.0,0.99,1.0,1.0,0.92,0.86,0.9,0.82
201300561,1.0,1.0,1.0,1.0,0.92,0.94,0.86,0.94
202104144,1.0,0.97,1.0,1.0,0.8,0.81,0.98,0.74
201000364,1.0,1.05,1.07,1.0,0.98,0.94,0.95,0.89
201902898,1.0,1.03,1.05,1.0,1.0,0.99,0.94,0.99
201903110,1.0,1.04,1.0,1.0,1.0,1.0,0.94,0.94
201902909,1.0,1.01,1.03,1.0,1.0,0.88,0.99,0.82
201902908,1.0,1.02,0.94,1.0,1.0,1.0,0.91,0.89
202003797,1.0,1.0,0.96,1.0,0.84,0.83,0.86,0.83
201903447,1.0,1.01,1.02,1.0,1.0,0.99,0.94,0.99
201100427,0.99,1.03,1.04,1.0,0.93,1.0,0.98,1.0
199700104,1.0,1.02,1.04,1.0,0.99,1.0,0.96,0.94
199100025,1.0,1.02,1.0,1.0,1.0,0.94,0.86,1.0
199500056,1.0,1.0,1.01,1.0,0.96,0.94,0.82,1.0
199400045,1.0,1.01,1.05,1.0,1.0,0.99,0.95,0.98
199600075,1.0,1.02,1.08,1.0,0.99,0.99,0.94,0.98
200600267,1.0,1.02,1.15,1.0,1.0,0.96,0.99,0.82
201600733,0.99,0.99,0.99,1.0,0.92,0.78,0.76,0.66
201903372,1.0,0.99,1.03,1.0,0.96,0.82,0.95,0.77
201300496,1.0,1.0,1.0,1.0,0.88,0.83,0.72,0.94
201903091,1.0,1.02,1.14,1.0,1.0,1.0,0.96,1.0
201500609,1.0,1.02,1.16,1.0,1.0,0.94,0.91,1.0
201300537,0.95,0.95,1.09,0.0,0.94,0.92,0.95,0.93
199400047,0.95,0.96,1.15,1.0,0.78,0.83,1.0,0.94
201903368,1.0,1.01,1.01,1.0,0.92,0.92,0.9,0.92
201300526,1.0,1.03,1.13,1.0,0.99,0.99,0.99,0.99
201000359,1.0,1.0,1.1,1.0,0.87,0.98,0.98,0.99
201500631,1.0,1.01,1.11,1.0,1.0,1.0,1.0,1.0
200400212,1.0,1.02,1.1,1.0,0.98,0.98,0.98,0.98
198900028,0.98,0.98,1.0,1.0,0.92,0.91,0.95,0.88
198200002,0.5,0.57,1.02,1.0,0.88,0.97,0.98,0.99
200800363,0.98,0.99,1.12,0.5,0.98,1.0,1.0,0.99
198800019,0.98,1.0,1.02,1.0,1.0,1.0,1.0,1.0
201390516,0.98,0.98,1.0,0.7,1.0,1.0,1.0,1.0
199700164,0.91,0.93,1.0,0.6,0.96,0.99,0.86,1.0
200800367,1.0,1.02,1.08,1.0,0.98,1.0,1.0,1.0
200900361,0.97,0.99,1.05,1.0,0.95,0.95,0.94,0.95
201903404,0.93,0.96,1.18,1.0,1.0,1.0,0.98,1.0
201801133,0.99,1.03,1.1,1.0,0.97,0.98,0.98,1.0
198700019,0.97,0.98,1.04,0.0,1.0,1.0,1.0,1.0
200700327,1.0,1.04,1.13,1.0,1.0,0.99,1.0,1.0
198900024,0.72,0.77,1.0,0.9,0.96,1.0,0.96,1.0
200800353,0.94,0.97,1.1,1.0,0.96,1.0,1.0,1.0
201000478,0.88,0.93,1.07,1.0,1.0,1.0,1.0,1.0
201100542,0.97,1.0,1.16,0.0,0.98,1.0,0.98,1.0
200300237,0.75,0.79,1.0,1.0,0.78,1.0,1.0,1.0
199500094,0.99,1.02,1.11,1.0,0.99,0.99,1.0,1.0
200800352,1.0,1.02,1.14,1.0,1.0,0.99,1.0,1.0
199000025,0.97,0.99,1.16,1.0,1.0,1.0,1.0,1.0
200800359,1.0,1.01,1.16,1.0,1.0,1.0,0.98,1.0
198900023,0.89,0.92,1.1,0.6,1.0,1.0,1.0,1.0
201200682,0.94,0.96,1.02,0.7,0.98,1.0,1.0,1.0
198600018,0.95,0.96,0.99,1.0,0.94,0.98,0.98,0.98
201200679,1.0,1.02,1.14,0.92,0.95,0.99,1.0,0.98
201100544,0.97,1.01,1.13,0.82,1.0,1.0,1.0,1.0
201100550,1.0,1.02,1.05,1.0,0.98,0.99,0.98,0.99
199700161,0.98,0.99,1.0,1.0,0.88,0.95,0.98,0.8
199700167,1.0,1.02,1.07,0.0,0.98,1.0,1.0,1.0
200500293,0.98,0.99,1.07,1.0,1.0,1.0,1.0,1.0
201200686,1.0,1.0,1.01,1.0,0.88,0.92,0.94,0.95
198900022,0.97,0.97,1.01,1.0,0.85,0.94,0.9,0.92
198700016,0.98,0.99,1.07,0.8,0.96,0.98,1.0,1.0
200700331,0.93,0.96,1.02,0.0,0.98,1.0,1.0,1.0
201200675,0.98,0.99,1.12,1.0,0.95,0.95,0.93,0.91
199700163,1.0,1.02,1.07,1.0,1.0,1.0,1.0,1.0
199700166,0.96,0.98,1.09,0.6,0.97,0.98,0.98,0.96
198700020,0.9,0.94,1.04,1.0,1.0,1.0,1.0,1.0
201200670,0.96,0.98,1.08,0.0,1.0,0.94,0.95,1.0
199590691,1.0,0.99,1.0,0.0,0.99,0.92,0.98,0.93
200891052,0.75,0.79,1.0,0.0,1.0,1.0,1.0,1.0
202191042,1.0,1.0,1.06,1.0,1.0,0.99,0.94,0.93
202191041,1.0,1.0,1.0,1.0,1.0,0.99,0.99,1.0
201190478,0.98,1.0,1.17,0.0,1.0,1.0,0.98,1.0
200990469,0.97,1.0,1.0,0.65,1.0,1.0,1.0,1.0
199590484,0.99,1.0,1.17,0.0,0.99,1.0,1.0,1.0
200790503,0.98,0.99,1.05,0.0,0.81,0.99,0.94,0.93
199690541,0.99,0.99,1.0,0.0,1.0,1.0,1.0,1.0
201090549,0.99,0.99,1.02,0.0,0.99,1.0,1.0,1.0
201990534,0.98,0.98,1.0,0.0,0.99,0.98,0.99,0.98
201390575,0.98,0.98,1.0,0.0,1.0,1.0,1.0,1.0
201490490,0.98,0.98,1.0,0.0,1.0,1.0,1.0,1.0
198890543,0.99,0.99,1.0,0.0,1.0,1.0,1.0,1.0
198990565,0.98,0.98,1.0,0.0,1.0,1.0,1.0,1.0
199490487,0.99,0.99,1.0,0.0,1.0,1.0,1.0,1.0
199090602,1.0,0.98,1.05,1.0,0.78,0.78,0.78,0.78
201890608,0.93,0.88,0.88,0.57,0.69,0.61,0.5,0.49
201801132,0.94,0.97,1.0,1.0,0.86,1.0,0.86,1.0
201490632,1.0,0.98,1.0,1.0,0.75,0.75,0.76,0.75
201790635,0.98,1.0,1.01,1.0,0.96,1.0,0.98,1.0
199390697,0.93,0.94,0.92,0.9,0.85,1.0,0.82,1.0
200790695,0.96,0.98,0.97,0.75,0.96,0.99,0.94,0.99
199290696,0.92,0.9,1.0,0.55,0.73,0.78,0.6,0.71
201490694,1.0,0.98,1.0,1.0,0.83,0.83,0.7,0.76
199090692,0.91,0.91,0.95,0.75,0.92,0.94,0.82,1.0
202191029,1.0,1.0,1.0,0.0,1.0,1.0,0.99,0.99
202191030,1.0,1.01,1.0,0.0,0.99,0.99,0.98,0.99
201190450,1.0,1.01,1.0,1.0,1.0,1.0,1.0,1.0
199090517,0.98,0.98,1.0,0.0,1.0,1.0,1.0,1.0
201690475,0.99,0.99,1.0,0.0,1.0,1.0,1.0,1.0
200890561,0.99,0.99,1.0,0.0,1.0,1.0,1.0,1.0
198990563,0.99,0.99,1.0,0.0,1.0,1.0,1.0,1.0
198990572,0.99,0.99,1.15,0.0,1.0,1.0,1.0,1.0
199090522,0.99,0.99,1.0,0.0,1.0,1.0,1.0,1.0
198690570,0.99,0.99,1.15,0.0,1.0,1.0,1.0,1.0
198990594,0.99,0.99,1.15,0.0,1.0,1.0,1.0,1.0
200990598,0.97,1.0,1.03,1.0,0.92,0.83,0.86,0.89
201890595,1.0,1.01,1.03,1.0,0.89,0.88,0.86,0.89
200990600,0.97,0.97,1.0,1.0,0.92,0.83,0.86,0.89
201890596,0.97,0.96,1.04,1.0,0.92,0.88,0.86,0.88
201490599,0.97,0.97,1.03,1.0,0.91,0.8,0.84,0.86
201990604,0.96,0.97,1.0,1.0,1.0,1.0,1.0,1.0
201590605,0.98,0.96,1.0,1.0,0.78,0.78,0.78,0.78
199890601,0.98,0.96,1.03,0.9,0.78,0.78,0.77,0.78
201903677,0.93,0.96,1.02,1.0,0.9,0.98,0.94,0.97
201903678,0.97,0.98,1.03,1.0,0.96,0.99,0.9,0.98
201790610,0.95,0.95,1.0,1.0,0.81,0.83,0.78,0.78
201990611,0.95,0.96,1.0,1.0,0.98,0.92,0.84,0.98
201890615,0.98,0.96,1.0,0.0,0.89,0.83,0.73,0.78
201990634,0.94,1.0,1.01,1.0,0.96,1.0,0.98,0.99
201790636,1.0,1.01,1.0,1.0,0.96,1.0,1.0,1.0
202191051,0.96,0.95,1.08,0.0,0.99,0.82,0.9,0.94
201090699,0.89,0.87,1.0,0.75,0.78,0.72,0.6,0.78
201090700,1.0,1.02,1.0,1.0,1.0,1.0,0.96,1.0
201801134,1.0,1.03,1.03,0.0,0.99,0.99,0.99,1.0
201890701,1.0,1.02,1.06,1.0,1.0,0.98,0.98,0.98
201690702,1.0,1.01,1.17,1.0,1.0,1.0,1.0,1.0
201590703,1.0,1.01,1.15,1.0,1.0,1.0,1.0,1.0
201890704,1.0,1.01,1.17,0.82,0.99,1.0,1.0,1.0
201490706,1.0,1.01,1.15,0.9,0.98,0.99,0.99,0.99
198990705,1.0,1.01,1.15,0.85,1.0,1.0,1.0,1.0
201690535,0.97,0.99,1.0,0.0,1.0,1.0,1.0,1.0
201890676,0.98,0.99,1.01,1.0,0.98,0.98,0.98,0.97
198290532,0.98,0.98,1.01,0.0,1.0,1.0,1.0,1.0
201090496,0.97,0.98,1.03,0.0,0.99,0.98,0.98,0.98
200890588,0.98,0.98,1.0,0.0,1.0,1.0,0.98,1.0
201090491,0.97,0.97,1.08,0.0,1.0,1.0,0.96,1.0
201190519,0.97,0.97,1.0,0.0,1.0,1.0,1.0,1.0
201290537,0.97,0.97,1.0,0.0,1.0,1.0,1.0,1.0
201490551,0.97,0.97,1.01,0.0,1.0,1.0,1.0,1.0
201190566,0.97,0.97,1.0,0.8,1.0,1.0,1.0,1.0
198890578,0.97,0.97,1.0,0.0,1.0,1.0,1.0,1.0
201390468,0.96,0.97,1.0,0.0,0.95,0.99,0.84,0.98
201390494,0.85,0.87,1.03,0.5,0.89,0.94,0.96,1.0
201090509,0.97,0.96,1.0,0.0,0.89,0.83,0.82,0.94
200790511,0.97,0.97,1.0,0.0,0.96,1.0,1.0,1.0
200890558,0.97,0.97,1.0,0.0,1.0,1.0,1.0,1.0
199490536,0.99,0.99,1.01,0.0,1.0,0.99,0.98,0.98
201290523,0.97,0.97,1.0,0.0,1.0,1.0,1.0,1.0
201290467,0.97,0.97,1.0,0.0,1.0,1.0,1.0,1.0
199490507,0.97,0.97,1.0,0.0,1.0,1.0,1.0,1.0
198890521,0.97,0.97,1.0,0.0,1.0,1.0,1.0,1.0
200890556,0.97,0.97,1.0,0.0,0.99,1.0,1.0,1.0
200990562,0.97,0.98,1.0,0.0,1.0,1.0,1.0,1.0
200890564,0.97,0.97,1.0,0.0,1.0,1.0,1.0,1.0
199090573,0.97,0.97,1.0,0.0,1.0,1.0,1.0,1.0
199090514,0.96,0.93,1.0,0.0,0.81,0.78,0.78,0.78
198990524,0.96,0.96,1.0,0.0,1.0,1.0,1.0,1.0
201890497,0.96,0.94,1.1,0.0,0.78,0.83,0.86,0.78
200890492,0.96,0.93,1.0,0.0,0.81,0.83,0.78,0.78
199190591,0.94,0.95,1.0,0.0,1.0,1.0,1.0,1.0
200890489,0.95,0.97,1.0,1.0,1.0,1.0,1.0,1.0
199590479,0.96,0.95,1.09,0.0,0.96,0.94,0.82,0.94
198290485,0.96,0.96,1.08,0.0,0.92,1.0,0.96,0.94
199090587,0.96,0.96,1.09,0.0,1.0,1.0,0.86,0.99
201290498,0.95,0.96,1.0,0.0,1.0,1.0,1.0,1.0
201390477,0.95,0.96,1.0,0.0,1.0,1.0,1.0,1.0
199990525,0.97,0.97,1.0,0.0,1.0,1.0,0.98,0.96
199490554,0.94,0.95,1.0,0.0,1.0,1.0,1.0,1.0
200990576,0.97,0.97,1.15,0.0,1.0,1.0,1.0,1.0
199890582,0.97,0.97,1.02,0.0,1.0,1.0,1.0,1.0
199190586,0.97,0.98,1.0,0.0,1.0,1.0,1.0,1.0
201590486,0.93,0.95,1.0,0.0,1.0,1.0,1.0,1.0
201190480,0.98,0.98,1.0,0.0,1.0,1.0,1.0,1.0
201190481,0.97,0.97,1.0,0.0,1.0,1.0,1.0,1.0
200890495,0.97,0.97,1.0,0.0,1.0,1.0,1.0,1.0
200890504,0.94,0.95,1.0,0.0,1.0,1.0,1.0,1.0
201290530,0.97,0.97,1.0,0.0,1.0,1.0,1.0,1.0
201490560,0.97,0.97,1.0,0.0,1.0,1.0,1.0,1.0
200890577,0.96,0.97,1.0,0.0,1.0,1.0,1.0,1.0
201090581,0.96,0.97,1.0,0.0,1.0,1.0,1.0,1.0
201390472,0.94,0.97,1.0,0.0,1.0,1.0,1.0,1.0
198190476,0.94,0.95,1.0,0.0,1.0,1.0,1.0,1.0
198990499,0.94,0.95,1.0,0.0,1.0,1.0,1.0,1.0
201290508,0.94,0.95,1.0,0.0,1.0,1.0,1.0,0.94
199190526,0.94,0.95,1.0,0.0,1.0,1.0,1.0,1.0
199190531,0.94,0.95,1.0,0.0,1.0,1.0,0.98,1.0
200890548,0.94,0.95,1.0,0.0,1.0,1.0,1.0,1.0
198790589,0.94,0.95,1.0,0.0,1.0,1.0,1.0,1.0
198890592,0.94,0.95,1.0,0.0,1.0,1.0,1.0,1.0
198990567,0.94,0.95,1.0,0.0,1.0,1.0,1.0,1.0
201590529,0.98,0.98,1.0,0.0,1.0,1.0,1.0,1.0
198690493,0.97,0.98,1.0,0.0,1.0,0.94,1.0,1.0
199090483,0.94,0.95,1.0,0.0,1.0,1.0,1.0,0.96
201290515,0.94,0.95,1.0,0.0,1.0,1.0,1.0,1.0
199490544,0.94,0.95,1.0,0.0,1.0,1.0,1.0,1.0
199090547,0.94,0.95,1.0,0.0,1.0,1.0,1.0,1.0
198290553,0.94,0.95,1.0,0.0,1.0,1.0,1.0,1.0
199090568,0.94,0.95,1.0,0.0,1.0,1.0,1.0,1.0
198590583,0.94,0.95,1.0,0.0,1.0,1.0,1.0,1.0
198790585,0.94,0.95,1.0,0.0,1.0,1.0,0.96,1.0
198090590,0.94,0.95,1.0,0.0,1.0,1.0,1.0,1.0
199090542,0.96,0.98,1.0,0.0,1.0,1.0,1.0,1.0
197990500,0.96,0.96,1.0,0.0,0.99,0.99,0.98,0.99
201490571,0.96,0.95,1.1,0.0,0.92,0.94,0.91,0.89
201390580,0.96,0.95,1.08,0.0,0.92,0.94,0.8,0.88
201190584,0.96,0.92,1.0,0.0,0.78,0.72,0.59,0.72
201190593,0.96,0.95,1.13,0.0,0.96,0.94,0.82,0.83
201590502,0.95,0.94,1.08,0.0,0.8,0.93,0.86,0.93
200990466,0.96,0.97,1.0,0.0,1.0,1.0,0.99,1.0
201690473,0.96,0.97,1.0,0.0,1.0,1.0,1.0,0.98
200890482,0.96,0.92,1.0,0.0,0.7,0.72,0.6,0.72
201390510,0.96,0.93,1.0,0.0,0.81,0.77,0.48,0.82
200990539,0.96,0.96,1.01,0.0,0.99,0.98,0.98,0.99
201190550,0.96,0.95,1.03,0.0,0.89,0.88,0.8,0.94
201190574,0.96,0.93,1.0,0.0,0.84,0.83,0.63,0.83
199290474,0.94,0.94,1.0,0.0,0.95,0.99,0.98,0.99
199190552,0.95,0.95,1.0,0.0,0.93,0.98,0.98,0.98
197990501,0.95,0.96,1.0,0.0,0.93,0.98,0.96,0.97
201790640,0.88,0.91,1.0,0.3,1.0,1.0,1.0,1.0
201590649,0.87,0.9,1.0,0.5,1.0,1.0,1.0,1.0
199090668,0.9,0.93,1.0,0.48,1.0,1.0,1.0,1.0
201390681,0.94,0.97,1.15,0.6,0.98,0.98,0.98,0.98
201290641,0.94,0.95,1.16,0.3,1.0,1.0,0.99,0.99
201190642,0.91,0.95,1.14,0.45,0.99,0.99,1.0,0.99
201490666,1.0,1.01,1.15,0.92,1.0,1.0,1.0,1.0
201590655,0.96,0.94,1.0,0.57,0.81,0.78,0.62,0.71
201590679,0.94,0.93,1.0,0.6,0.85,0.71,0.76,0.82
201790656,0.91,0.91,1.01,0.68,0.85,0.72,0.67,0.78
199490607,0.96,0.95,1.04,1.0,0.88,0.89,0.82,0.72
201490677,0.99,0.97,0.95,1.0,0.73,0.81,0.75,0.81
201690665,1.0,0.97,0.95,1.0,0.78,1.0,0.68,0.78
201790644,0.93,0.94,1.1,0.35,0.76,0.82,0.86,0.76
201790639,0.95,0.99,1.0,0.5,1.0,1.0,1.0,1.0
201490645,0.93,0.96,1.0,0.5,1.0,0.99,0.99,1.0
202191027,1.0,1.02,1.05,1.0,0.99,0.99,0.99,0.99
202191025,0.95,0.97,1.0,0.0,1.0,0.99,1.0,0.99
202191035,0.9,0.92,1.02,0.0,1.0,1.0,1.0,1.0
201790688,0.95,0.92,0.96,0.8,0.7,0.71,0.64,0.66
201890678,0.95,0.97,1.01,0.95,0.99,0.98,0.99,0.99
202191034,0.97,0.97,1.0,0.0,0.98,0.99,0.98,0.98
202191028,0.98,0.96,1.03,0.57,0.89,0.89,0.91,0.89
201790657,0.97,0.99,1.15,1.0,1.0,1.0,1.0,1.0
201590667,0.93,0.95,1.0,0.65,1.0,1.0,1.0,1.0
201790647,0.96,0.97,1.0,1.0,1.0,1.0,1.0,1.0
199390637,0.96,0.97,1.1,0.85,1.0,1.0,1.0,1.0
201690638,0.96,0.99,1.15,0.65,1.0,1.0,1.0,1.0
201890646,0.97,0.98,1.16,1.0,0.98,0.99,0.99,0.99
201890671,0.96,0.98,1.15,1.0,1.0,1.0,1.0,1.0
201100545,0.91,0.91,1.0,0.8,0.88,0.94,0.9,0.88
202191047,0.96,0.96,1.15,1.0,0.92,1.0,0.91,1.0
201490663,0.88,0.91,1.0,0.45,1.0,1.0,1.0,1.0
201890684,0.91,0.9,1.01,0.85,0.75,0.75,0.76,0.75
200890690,0.98,0.99,1.0,0.5,1.0,1.0,1.0,1.0
201590653,0.97,0.99,1.08,1.0,0.96,1.0,1.0,1.0
201690660,0.92,0.94,1.0,0.85,0.96,1.0,1.0,1.0
201590680,0.93,0.95,1.07,1.0,0.98,1.0,1.0,1.0
202191046,0.98,0.99,1.01,0.0,1.0,0.99,0.98,1.0
201390659,0.95,0.96,1.03,1.0,0.92,0.94,0.88,0.91
202191036,0.97,0.98,1.0,0.28,1.0,1.0,1.0,1.0
201890449,0.97,0.98,1.0,0.95,1.0,0.89,0.96,0.94
198990528,0.89,0.9,1.08,0.7,0.89,1.0,1.0,1.0
198990651,0.95,0.95,1.1,0.57,0.62,1.0,0.91,1.0
202191024,0.97,0.98,1.01,0.65,1.0,1.0,1.0,1.0
202191040,0.99,0.99,1.0,0.0,1.0,1.0,1.0,1.0
201390540,0.94,0.95,1.05,0.0,1.0,1.0,1.0,1.0
200890533,0.94,0.95,1.0,0.0,1.0,1.0,1.0,1.0
201690672,1.0,1.01,1.0,0.88,1.0,1.0,1.0,1.0
202191033,0.98,0.97,1.0,0.0,0.96,0.94,1.0,0.89
199590673,0.94,0.96,1.0,0.6,1.0,1.0,1.0,1.0
201890452,0.91,0.94,1.0,0.68,1.0,1.0,1.0,1.0
199590527,0.97,0.98,0.95,0.0,1.0,1.0,0.91,1.0
199590654,0.92,0.89,0.92,0.65,0.78,0.55,0.64,0.55
202191048,0.98,0.98,1.0,0.0,1.0,1.0,1.0,1.0
202191038,0.96,0.97,1.0,0.0,1.0,1.0,1.0,1.0
201290670,0.97,0.96,1.07,0.75,0.88,0.88,0.82,0.88
201190675,0.77,0.82,1.0,0.45,1.0,1.0,1.0,1.0
199090674,0.91,0.93,1.1,0.68,0.89,1.0,0.91,1.0
201190682,0.91,0.91,1.03,0.5,0.81,0.78,0.82,0.89
199790686,0.91,0.92,1.0,0.55,0.85,0.78,0.73,0.83
201690669,1.0,1.02,1.0,1.0,1.0,1.0,1.0,1.0
201390662,0.96,0.97,1.0,0.65,1.0,1.0,1.0,1.0
200990545,0.94,0.95,1.01,0.0,0.98,0.99,0.98,0.99
200890546,0.94,0.95,1.01,0.0,1.0,1.0,1.0,1.0
201690658,1.0,1.01,1.05,1.0,0.99,1.0,0.99,0.99
202191026,0.96,0.97,1.0,0.0,1.0,1.0,1.0,1.0
200990648,0.99,1.0,1.0,0.7,0.98,0.98,0.98,0.99
201590652,0.95,0.96,1.0,1.0,1.0,0.99,0.98,0.98
202191044,0.97,0.97,1.0,0.0,1.0,1.0,1.0,1.0
202191050,0.92,0.93,1.02,0.0,1.0,0.98,1.0,1.0
202191037,1.0,1.0,1.02,0.65,0.96,1.0,1.0,0.99
202191045,0.94,0.93,1.03,0.0,0.8,0.88,0.86,0.88
201590461,0.94,0.95,1.02,1.0,0.96,1.0,0.94,0.99
201590456,0.98,0.99,1.02,1.0,0.85,1.0,0.96,1.0
201490458,0.94,0.95,1.0,0.68,0.95,0.98,0.94,0.98
201890460,0.95,0.98,1.0,1.0,0.96,0.98,0.94,0.99
201790462,0.94,0.95,1.0,0.72,0.96,0.99,0.94,0.99
201590454,0.94,0.95,1.0,0.82,0.85,1.0,0.96,1.0
201590455,0.94,0.95,1.0,0.82,0.99,0.98,0.96,1.0
201590459,0.94,0.95,1.0,0.68,0.85,0.99,0.95,1.0
201590463,0.94,0.95,1.0,0.75,0.95,1.0,0.96,1.0
201590464,0.94,0.95,1.0,0.72,0.96,1.0,0.95,0.98
201790465,0.94,0.95,1.0,0.65,0.94,0.99,0.94,0.99
202190513,0.98,0.98,1.0,0.0,0.99,0.98,0.98,0.98
201490555,0.9,0.92,1.0,0.0,1.0,1.0,1.0,0.99
200990470,0.99,0.99,1.0,0.0,1.0,1.0,1.0,1.0
199590650,0.87,0.89,0.97,0.48,1.0,1.0,0.78,0.83
199700160,0.83,0.85,1.12,1.0,1.0,0.97,0.95,0.98
200800368,1.0,1.01,1.04,1.0,0.98,0.98,0.98,0.98
200900359,0.98,1.01,1.18,1.0,1.0,1.0,1.0,1.0
199300051,0.98,0.99,1.16,0.0,1.0,1.0,1.0,1.0
201200668,0.95,1.0,1.08,1.0,0.92,0.99,0.98,0.9
199500093,0.97,0.98,1.0,1.0,0.91,0.98,0.79,0.98
201200678,0.99,1.01,1.12,0.7,0.93,1.0,0.99,1.0
201200667,0.96,0.97,1.14,0.65,0.98,0.99,0.95,0.94
201490453,1.0,1.04,1.08,1.0,0.98,0.94,0.98,1.0
201690448,1.0,1.01,1.02,1.0,0.99,0.99,0.97,0.99
201890457,0.95,1.0,1.0,1.0,0.99,0.98,0.98,0.98
198800017,0.98,0.98,1.18,0.3,1.0,1.0,1.0,1.0
199000028,0.98,0.99,1.12,0.0,1.0,0.99,0.98,0.99
201290597,0.98,0.98,1.14,1.0,0.93,0.98,0.94,1.0
201300818,0.95,0.97,1.18,1.0,1.0,1.0,1.0,1.0
199400049,0.95,0.98,1.08,1.0,0.99,0.99,1.0,1.0
198900020,0.97,0.98,1.0,0.8,0.95,0.99,0.99,0.99
200990687,0.97,0.99,1.01,1.0,0.97,0.96,0.98,0.95
197290633,0.98,0.96,0.96,0.9,0.85,0.94,0.82,0.89
201590693,1.0,1.04,1.06,1.0,0.95,0.96,0.98,0.96
199000029,1.0,1.03,1.01,1.0,1.0,0.97,0.96,1.0
200900358,1.0,1.02,1.01,1.0,0.95,0.93,0.85,0.99
199700162,0.93,0.96,0.96,1.0,0.98,0.87,0.93,0.98
202191043,0.96,0.97,1.02,0.9,1.0,0.99,1.0,1.0
201000479,1.0,1.0,1.0,1.0,1.0,1.0,1.0,0.99
201200674,1.0,1.0,1.09,1.0,1.0,1.0,1.0,1.0
201200687,0.99,1.0,1.01,0.7,0.99,0.99,0.99,0.99
201701012,0.98,1.01,1.02,1.0,0.93,0.92,0.92,0.95
202191409,0.96,0.92,1.04,0.0,0.7,0.78,0.7,0.76
202190664,0.96,0.96,1.13,0.6,0.99,0.98,0.98,0.99
199200046,0.97,0.98,1.02,0.5,1.0,0.99,0.98,0.99
199000027,0.98,1.0,0.99,0.95,0.98,0.97,0.96,0.98
198900027,0.97,0.99,1.16,0.9,1.0,1.0,1.0,1.0
199000026,0.98,0.99,1.17,1.0,0.99,0.99,1.0,0.99
198700017,0.97,0.97,1.16,0.0,1.0,1.0,0.97,0.99
201490451,1.0,0.99,1.1,0.0,0.85,0.94,0.88,0.91
198900026,0.97,0.98,1.0,0.0,1.0,1.0,1.0,1.0
200800365,0.98,0.99,1.08,0.5,1.0,0.99,1.0,1.0
199100043,0.97,0.96,1.04,1.0,0.81,0.78,0.82,0.78
201100548,0.97,0.98,1.06,0.5,0.96,1.0,0.96,1.0
200800371,0.93,0.95,1.07,0.5,1.0,1.0,1.0,1.0
201200684,0.94,0.96,1.02,0.3,1.0,1.0,1.0,1.0
201200677,0.89,0.91,1.09,0.3,0.98,0.98,0.98,0.98
200900357,0.88,0.91,1.08,1.0,0.95,0.95,0.96,0.96
201000477,0.98,1.0,1.02,1.0,0.97,0.99,0.98,1.0
200500294,0.96,0.98,1.0,0.0,0.83,0.88,0.92,0.88
201200672,0.92,0.94,1.17,0.45,1.0,1.0,0.99,1.0
201100543,0.97,0.98,1.04,1.0,0.98,0.98,0.92,0.97
201200669,0.97,0.99,1.14,0.6,0.85,0.94,0.86,0.94
200800354,1.0,0.99,1.09,0.95,0.78,0.89,0.91,1.0
199100042,0.94,0.98,1.05,0.78,0.97,0.96,0.96,0.96
201200683,0.96,0.99,1.0,0.65,0.98,0.98,0.98,0.99
201200671,0.96,1.0,1.01,0.6,0.95,0.99,1.0,0.99
202191032,1.0,1.0,1.0,0.0,0.93,0.99,0.9,0.99
201300816,0.98,0.99,1.01,1.0,0.8,0.91,0.88,0.95
201400801,0.95,0.95,1.0,0.65,0.9,1.0,0.95,0.97
201300814,1.0,1.02,1.01,0.85,1.0,1.0,1.0,1.0
200800355,0.97,0.99,1.07,0.0,1.0,1.0,0.94,0.99
201100546,0.97,0.98,1.16,1.0,1.0,1.0,1.0,1.0
200800362,0.95,0.96,1.0,0.65,1.0,1.0,1.0,1.0
201100549,0.97,0.99,1.01,1.0,1.0,0.99,1.0,1.0
199200045,0.97,0.99,1.16,1.0,1.0,1.0,1.0,1.0
200800360,1.0,1.01,1.12,0.82,0.97,1.0,1.0,1.0
202191039,0.96,0.96,1.01,0.0,0.99,1.0,0.98,0.99
198900021,1.0,0.98,0.98,1.0,0.96,0.82,0.76,0.82
198700021,0.93,0.95,1.0,0.78,1.0,0.99,1.0,0.99
198800018,0.94,0.95,1.01,0.7,0.96,0.98,0.99,0.99
199700165,0.97,0.98,1.07,0.65,0.92,0.98,0.97,0.97
201200681,0.97,0.97,1.01,0.0,0.9,0.78,0.85,0.81
201200676,0.97,0.97,1.02,1.0,0.96,0.94,0.86,0.89
199400050,0.97,0.99,1.0,0.0,0.98,1.0,1.0,1.0
201400802,0.98,1.0,1.04,1.0,1.0,1.0,1.0,1.0
200900360,0.95,0.97,1.08,0.9,0.97,0.99,0.98,0.99
201300815,0.99,1.01,1.0,1.0,0.96,1.0,1.0,1.0
201300817,0.97,0.98,1.01,0.75,0.98,1.0,1.0,1.0
198900025,0.95,0.96,1.04,0.6,0.95,0.97,0.94,0.94
202190685,0.9,0.91,1.0,0.9,0.98,0.99,0.98,0.99
200800357,0.96,0.96,1.0,0.65,0.86,0.85,0.86,0.85
199700168,0.95,0.94,1.08,0.45,0.8,0.78,0.82,0.78
198600016,0.95,0.96,1.09,0.78,1.0,1.0,1.0,0.91
201200685,1.0,1.01,1.17,1.0,0.98,0.99,0.99,0.99
201500839,0.99,1.01,1.18,1.0,1.0,1.0,0.98,0.82
199000024,0.98,0.98,1.07,0.2,0.98,1.0,1.0,1.0
201200680,0.96,0.98,1.07,0.95,0.98,0.98,0.98,0.99
199200048,0.95,0.95,1.02,0.68,0.81,0.98,0.93,0.99
199200047,1.0,1.01,1.02,1.0,0.97,0.96,0.97,0.99
200800370,0.94,0.96,1.02,0.0,1.0,1.0,1.0,1.0
198200001,0.74,0.78,1.0,0.0,0.93,0.84,0.9,0.91
199000012,0.86,0.88,1.06,1.0,0.85,0.9,0.88,0.86
199000016,0.81,0.84,1.07,0.55,0.87,0.91,0.9,0.91
201000336,0.97,1.0,1.1,1.0,1.0,1.0,1.0,0.99
201400571,1.0,1.02,1.1,1.0,1.0,0.94,0.91,0.93
201000358,1.0,0.99,1.03,1.0,0.93,0.94,0.84,0.82
201600678,1.0,1.03,1.11,1.0,0.96,0.94,0.91,1.0
200900324,1.0,1.01,1.15,1.0,1.0,1.0,1.0,1.0
200400208,0.99,0.99,1.12,1.0,0.84,0.99,0.95,0.99
201600679,0.99,1.03,1.13,1.0,0.86,1.0,0.91,0.94
200000160,0.91,0.95,1.08,1.0,1.0,1.0,1.0,1.0
201890445,0.95,0.96,1.17,0.0,0.99,0.98,0.98,0.99
201400564,1.0,1.03,1.18,1.0,0.94,1.0,1.0,1.0
199900142,1.0,1.01,1.09,1.0,1.0,1.0,0.95,1.0
201600677,1.0,1.01,1.15,1.0,1.0,1.0,0.96,0.94
199000017,1.0,1.01,1.06,1.0,1.0,1.0,0.86,1.0
199600067,0.98,0.99,1.08,1.0,1.0,0.96,0.84,1.0
201200463,0.98,0.98,1.08,0.48,0.74,0.78,0.95,0.89
202003853,1.0,1.0,1.04,1.0,0.89,0.94,0.81,0.83
201300503,1.0,0.99,1.03,1.0,0.87,0.92,0.84,0.81
202104086,1.0,0.98,1.03,0.8,0.88,0.76,0.82,0.82
202104019,0.84,0.84,1.0,0.3,0.77,0.78,0.77,0.76
202104092,1.0,0.99,1.09,1.0,0.85,0.83,0.78,0.89
201801052,0.98,1.02,1.11,0.82,1.0,1.0,0.95,1.0
200100179,0.92,0.93,0.98,1.0,0.79,0.81,0.72,0.94
202003829,0.99,1.02,1.13,0.0,0.95,0.99,0.97,0.96
201100384,1.0,1.0,1.1,1.0,0.81,0.98,0.82,0.92
201100388,0.95,0.91,0.89,1.0,0.65,0.55,0.82,0.49
201200424,1.0,1.01,1.16,1.0,0.89,1.0,1.0,1.0
200300204,1.0,1.01,1.16,1.0,0.89,1.0,1.0,0.99
200600289,0.9,0.92,1.05,0.55,0.86,0.88,0.94,0.91
200100172,0.96,0.98,1.02,0.38,1.0,0.91,0.93,0.81
200100173,0.95,0.96,1.03,0.25,0.9,0.94,0.92,0.88
200600282,0.9,0.9,1.02,0.0,0.81,0.83,0.78,0.88
200100175,0.92,0.91,1.0,0.0,0.78,0.72,0.68,0.89
200100174,0.97,0.96,1.0,0.25,0.88,0.83,0.73,0.89
200100206,0.94,0.96,1.0,0.0,1.0,1.0,1.0,1.0
200100207,0.9,0.92,1.12,0.0,0.93,0.9,0.87,0.9
200100180,0.94,0.96,1.11,0.0,1.0,1.0,0.99,1.0
200100171,0.96,0.95,1.0,0.35,0.92,0.92,0.82,0.81
200400242,0.96,0.97,1.01,0.35,1.0,0.99,1.0,0.82
200100176,0.96,0.98,1.0,0.35,0.89,1.0,1.0,1.0
200100208,0.96,0.98,1.02,0.35,1.0,1.0,1.0,1.0
200300235,0.96,0.97,1.01,0.35,0.89,1.0,0.99,0.99
200190361,1.0,0.99,1.03,0.0,0.92,0.94,0.8,0.94
200100193,0.92,0.94,1.17,0.0,1.0,0.99,0.98,1.0
200100209,0.91,0.93,1.17,0.0,1.0,1.0,1.0,1.0
201990360,1.0,1.0,1.02,0.0,1.0,1.0,1.0,1.0
201690359,1.0,1.0,1.0,0.0,1.0,1.0,0.86,1.0
200490356,1.0,0.99,1.0,0.0,1.0,1.0,1.0,0.82
200490354,1.0,1.0,1.0,0.0,0.89,1.0,1.0,1.0
200190353,1.0,1.0,1.0,0.0,1.0,1.0,1.0,1.0
201090357,1.0,0.98,1.0,0.0,0.55,1.0,1.0,1.0
200490355,1.0,0.99,1.0,0.0,1.0,1.0,1.0,0.83
199900145,0.89,0.91,1.12,0.25,0.94,0.92,0.95,0.92
201400703,0.85,0.84,1.0,0.3,0.7,0.78,0.77,0.78
201800840,0.97,1.0,1.13,0.42,0.92,0.94,0.89,0.94
201400577,0.95,0.93,1.02,0.35,0.78,0.83,0.8,0.84
200100181,0.95,0.94,1.05,0.8,0.77,0.86,0.82,0.78
201400578,0.95,0.94,1.1,0.6,0.9,0.86,0.82,0.74
201400702,0.96,0.95,1.03,0.35,0.85,0.76,0.85,0.92
201400579,0.95,0.94,1.09,0.25,0.71,0.76,0.72,0.89
201400699,0.96,0.96,1.14,0.3,0.85,0.78,1.0,1.0
201400700,0.94,0.95,1.03,0.25,0.98,0.94,0.76,0.94
201400701,0.94,0.95,1.01,0.25,0.96,0.89,0.78,1.0
201690387,0.98,0.96,1.06,0.0,0.8,0.88,0.81,0.94
201490382,0.97,0.95,1.09,0.0,0.88,0.89,0.82,0.89
201990388,0.98,0.96,1.08,0.0,0.91,0.83,0.86,0.94
201590386,0.98,0.96,1.07,0.0,0.92,0.89,0.82,0.94
201490383,0.98,0.95,1.07,0.0,0.81,0.94,0.76,0.82
201590385,0.98,0.96,1.09,0.0,0.82,0.88,0.76,0.88
201490384,0.98,0.95,1.09,0.0,0.8,0.89,0.86,0.83
201300502,0.84,0.85,0.97,0.55,0.81,0.75,0.8,0.79
200900320,0.86,0.89,0.93,0.25,0.95,0.92,0.83,0.84
201100387,0.92,0.92,1.03,0.57,0.83,0.88,0.88,0.86
201300512,0.93,0.94,1.07,0.12,0.92,0.89,0.78,0.94
201500630,0.92,0.89,0.97,0.0,0.8,0.76,0.68,0.54
201600827,0.94,0.93,1.01,0.0,0.81,0.83,0.76,0.77
200900318,0.95,0.96,1.11,0.42,0.9,0.99,0.97,0.98
201400674,0.94,0.95,1.06,0.28,1.0,1.0,1.0,1.0
201100378,0.95,0.96,0.96,0.35,0.92,1.0,0.87,0.97
200900317,0.92,0.94,1.03,0.35,0.94,0.92,0.9,0.94
201200644,0.92,0.93,1.0,0.35,0.83,1.0,0.95,1.0
200900340,0.94,0.95,1.0,0.35,0.85,1.0,0.96,1.0
200900341,0.93,0.94,1.01,0.35,0.83,0.98,0.96,0.97
201400590,0.93,0.94,1.08,0.05,1.0,0.99,0.99,0.93
201200568,0.92,0.9,0.95,0.0,0.75,0.76,0.82,0.87
200900345,0.92,0.91,1.0,0.0,0.92,0.88,0.76,0.83
201300609,0.92,0.92,0.98,0.0,0.75,0.88,0.76,0.89
201100457,0.91,0.9,0.96,0.0,0.75,0.89,0.82,0.83
201100458,0.91,0.9,0.98,0.0,0.92,0.76,0.75,0.76
201390339,0.94,0.94,1.0,0.0,0.8,0.99,0.94,0.99
202090347,0.94,0.93,1.0,0.0,0.78,0.94,0.87,0.98
201200464,0.94,0.93,1.0,0.0,0.8,0.94,0.89,0.88
201290342,0.95,0.95,1.0,0.0,0.85,0.98,0.95,0.99
201490343,0.94,0.93,1.0,0.0,0.79,0.98,0.93,0.81
201790344,0.94,0.95,1.02,0.0,0.95,1.0,1.0,0.98
201490341,0.94,0.95,0.99,0.0,0.96,0.94,0.94,0.99
201390340,0.94,0.93,1.0,0.0,0.81,1.0,0.9,0.77
201890346,0.94,0.95,1.0,0.0,0.85,1.0,0.95,1.0
201890345,0.94,0.94,1.01,0.0,0.74,1.0,0.94,0.99
200100169,0.96,0.96,1.1,0.45,0.9,0.82,0.92,0.94
201300504,0.95,0.97,1.0,0.3,0.92,0.9,0.86,0.88
201300508,0.97,0.97,1.07,0.62,0.94,0.88,0.86,0.82
202003852,0.9,0.91,1.09,0.0,0.92,0.84,0.87,0.89
202191479,0.94,0.94,1.03,0.0,1.0,0.94,0.95,0.94
201400787,0.92,0.93,1.09,0.0,0.96,0.89,0.9,0.94
201300507,0.94,0.94,1.04,0.0,0.85,0.83,0.86,0.89
200300202,0.95,0.95,1.05,0.35,0.83,0.88,0.89,0.95
201300509,0.94,0.92,0.95,0.0,0.69,0.66,0.68,0.69
201300606,0.97,0.97,1.04,0.38,0.85,0.94,0.86,0.94
201300607,0.96,0.96,1.02,0.35,0.95,0.89,0.78,0.94
202104085,0.92,0.94,1.01,0.0,1.0,0.94,1.0,0.99
201300610,0.92,0.94,1.16,0.0,0.91,1.0,0.98,0.98
201490406,1.0,0.98,1.0,0.0,0.91,0.88,0.81,0.88
201390405,1.0,0.99,1.03,0.0,0.91,0.94,0.86,0.89
201990408,1.0,0.98,1.01,0.0,0.89,0.87,0.8,0.93
201390404,1.0,0.99,1.07,0.0,0.96,1.0,0.9,0.94
201890407,1.0,0.98,0.99,0.0,0.88,0.89,0.86,0.89
200600283,0.93,0.93,1.01,0.4,0.77,0.82,0.81,0.94
200600285,0.9,0.93,1.05,0.62,0.9,0.91,0.94,0.88
200600284,0.93,0.93,1.01,0.25,0.89,0.87,0.94,0.89
200600324,0.94,0.95,1.14,0.3,0.92,0.99,0.89,0.94
201100386,0.92,0.91,1.03,0.0,0.88,0.88,0.72,0.77
200800333,0.9,0.91,1.03,0.0,0.8,0.94,0.84,0.88
200600287,0.94,0.96,1.15,0.6,0.9,0.92,0.87,0.92
200600286,0.94,0.97,1.08,0.28,0.94,0.99,0.99,0.99
199100024,0.94,0.97,1.06,0.3,0.89,0.88,0.92,0.97
200100167,0.94,0.98,1.17,0.6,0.98,1.0,0.95,1.0
201903444,0.99,1.01,1.04,0.6,0.99,0.98,0.94,0.99
200600325,0.99,1.02,1.06,0.6,1.0,1.0,0.98,1.0
200600288,0.93,0.94,1.1,0.25,0.99,0.98,0.94,0.93
201500692,0.9,0.88,0.95,0.0,0.73,0.72,0.68,0.78
200600326,0.96,0.99,1.16,0.25,0.96,1.0,0.94,0.94
200600327,0.96,1.0,1.15,0.25,0.96,1.0,0.96,1.0
200600328,0.96,0.99,1.15,0.25,0.95,0.98,0.94,0.98
201090323,0.98,0.96,1.08,0.0,0.71,0.94,0.78,0.76
201890331,0.98,0.97,1.04,0.0,0.88,0.98,0.94,0.99
201390326,0.97,0.97,1.02,0.0,0.95,0.98,0.84,0.99
201790330,0.98,0.99,1.11,0.0,0.99,1.0,1.0,0.99
200690322,0.98,0.98,1.03,0.0,1.0,0.99,1.0,0.88
201790329,0.98,0.98,1.04,0.0,1.0,0.99,0.96,1.0
201390327,0.98,0.98,1.02,0.0,0.99,0.99,0.9,0.99
202190332,0.98,0.98,1.0,0.0,0.95,0.99,0.9,0.94
201090324,0.98,0.99,1.04,0.0,0.99,1.0,1.0,1.0
200600329,0.98,0.99,1.09,0.0,1.0,1.0,1.0,1.0
200690321,0.98,0.98,1.07,0.0,0.99,0.98,0.94,0.98
201390325,0.98,0.98,1.07,0.0,0.99,0.98,0.98,0.99
201100398,0.99,1.01,1.12,1.0,1.0,1.0,0.96,0.98
200100170,0.97,0.98,1.01,0.57,0.87,0.92,0.78,0.9
201700713,0.99,1.0,1.09,0.75,0.85,0.99,0.99,0.99
201700712,0.92,0.94,1.08,0.2,0.89,0.99,0.94,1.0
201700715,0.92,0.93,1.05,0.25,1.0,0.93,0.92,0.96
201700811,0.91,0.93,1.03,0.75,0.92,0.88,0.81,0.91
201700808,0.92,0.92,1.02,0.32,0.68,0.77,0.86,0.81
201700812,0.93,0.96,1.09,0.25,0.96,1.0,1.0,0.94
201700809,0.84,0.87,1.0,0.6,0.96,1.0,0.78,0.83
201700810,0.91,0.92,1.01,0.6,0.89,0.88,0.88,0.81
202191332,0.92,0.9,1.01,0.0,0.88,0.82,0.67,0.87
201700813,0.92,0.94,1.17,0.25,1.0,0.99,0.94,0.93
201790424,0.94,0.94,0.98,0.0,0.92,0.93,0.95,0.82
201790423,0.92,0.92,0.99,0.0,0.85,0.94,0.86,0.89
201790422,0.95,0.94,1.09,0.0,0.96,0.89,0.96,0.89
201790426,0.94,0.93,0.98,0.0,0.95,0.89,0.9,0.71
201790425,0.86,0.87,1.01,0.0,0.82,0.93,0.84,0.88
201000340,0.84,0.89,1.16,1.0,0.98,0.99,0.96,1.0
201300517,0.88,0.92,1.04,0.68,0.86,0.91,0.9,0.92
200300205,0.84,0.86,1.01,1.0,0.9,0.95,0.81,0.92
201200439,1.0,1.0,1.04,0.65,0.96,0.89,0.86,1.0
201903481,0.98,0.98,1.08,0.6,0.95,0.92,0.85,0.88
201200425,1.0,1.0,1.04,1.0,0.95,0.94,0.86,0.88
198900009,0.96,0.97,1.08,0.25,0.96,1.0,0.9,0.99
199300039,0.92,0.94,1.02,0.35,1.0,1.0,0.95,0.99
201200652,0.96,0.98,1.17,0.35,0.99,1.0,0.98,1.0
200000159,0.93,0.94,1.08,0.35,0.88,1.0,0.91,0.94
200300221,0.96,0.98,1.0,0.35,1.0,1.0,1.0,1.0
201100435,0.96,0.97,1.0,0.35,1.0,1.0,0.85,0.99
202003795,0.94,0.94,1.0,0.0,1.0,1.0,0.9,1.0
201200651,0.9,0.91,1.13,0.0,0.99,1.0,1.0,1.0
201100436,0.93,0.94,1.0,0.0,1.0,1.0,0.9,1.0
201190291,0.94,0.94,0.97,0.0,0.96,1.0,0.86,1.0
201190290,0.94,0.94,1.0,0.0,0.96,1.0,0.91,1.0
201190292,0.94,0.95,1.01,0.0,0.99,1.0,1.0,1.0
201290293,0.94,0.94,1.0,0.0,0.92,1.0,0.94,0.83
201690294,0.94,0.94,0.98,0.0,1.0,1.0,0.86,1.0
199100022,0.95,0.96,1.01,0.35,0.99,0.97,0.94,0.99
201100377,0.9,0.91,1.01,0.0,1.0,1.0,1.0,1.0
199000018,0.95,0.96,1.02,0.35,0.9,1.0,0.96,0.98
199700126,0.94,0.96,1.01,0.6,1.0,1.0,1.0,1.0
202003940,0.94,0.96,1.09,0.0,1.0,1.0,1.0,1.0
201600796,0.96,0.98,1.08,0.6,0.99,1.0,1.0,1.0
200800334,0.96,0.98,1.09,0.0,1.0,1.0,1.0,1.0
201600667,1.0,1.01,1.0,0.0,1.0,1.0,0.95,1.0
200000187,0.94,0.96,1.03,0.0,1.0,1.0,1.0,1.0
201200643,0.94,0.95,1.01,0.0,0.99,0.99,0.99,1.0
201801039,0.94,0.95,1.0,0.0,0.89,1.0,1.0,1.0
201100437,0.94,0.95,1.01,0.0,0.99,1.0,1.0,0.99
200700330,0.94,0.95,1.0,0.0,0.98,1.0,1.0,1.0
200190271,0.98,0.92,1.0,0.0,0.7,0.55,0.54,0.55
201790282,0.98,0.92,1.0,0.0,0.7,0.66,0.42,0.48
201490279,0.98,0.91,0.92,0.0,0.44,0.49,0.55,0.44
202090283,0.98,0.95,1.0,0.0,0.66,0.89,0.78,0.72
199290270,0.98,0.94,1.0,0.0,0.7,0.64,0.7,0.64
201490275,0.98,0.97,1.0,0.0,0.89,0.94,0.82,0.83
201590278,0.98,0.94,1.0,0.0,0.66,0.72,0.6,0.78
201790281,0.98,0.96,1.0,0.0,0.81,0.89,0.78,0.7
201190272,0.98,0.92,0.9,0.0,0.55,0.61,0.46,0.44
202090285,0.98,0.93,0.97,0.0,0.55,0.61,0.6,0.64
201790280,0.98,0.92,0.92,0.0,0.59,0.61,0.46,0.55
202090284,1.0,0.96,0.97,0.0,0.74,0.83,0.68,0.78
201490276,0.98,0.94,0.97,0.0,0.66,0.78,0.62,0.77
201600797,0.98,0.93,0.92,0.0,0.59,0.61,0.6,0.61
201290274,0.98,0.96,1.0,0.0,0.78,0.89,0.78,0.83
201290273,0.98,0.95,0.92,0.0,0.78,0.72,0.6,0.78
200900319,0.82,0.86,1.13,0.3,0.98,0.97,0.94,0.89
199500061,0.88,0.91,1.05,0.3,0.85,0.84,0.8,0.88
201400576,0.81,0.83,1.05,0.3,0.88,0.91,0.85,0.87
201700695,0.93,0.93,1.0,0.12,0.89,0.78,0.78,0.82
199500063,0.94,0.9,0.94,0.0,0.74,0.78,0.5,0.72
199500062,0.91,0.92,1.0,0.0,0.96,0.94,0.9,0.94
201800785,0.95,0.96,1.17,0.05,1.0,1.0,0.95,0.94
199600084,0.92,0.94,1.07,0.0,0.94,1.0,0.94,0.97
200990310,0.92,0.92,1.0,0.0,0.89,1.0,1.0,0.99
199000019,0.91,0.91,1.07,0.6,0.85,0.79,0.76,0.81
200000157,0.93,0.92,1.02,0.9,0.82,0.78,0.83,0.78
202104087,0.92,0.93,1.0,0.35,0.92,0.94,0.86,0.94
199500087,0.93,0.94,1.02,0.35,0.9,0.88,0.94,1.0
202104096,0.92,0.93,0.99,0.0,1.0,0.99,0.94,0.99
202104095,0.9,0.91,1.0,0.0,0.99,0.94,0.92,0.99
202003945,0.93,0.94,1.11,0.55,1.0,1.0,0.99,1.0
201500688,0.93,0.95,1.12,0.55,0.98,1.0,1.0,1.0
201090309,0.91,0.91,1.0,0.0,0.95,0.94,0.9,1.0
199790304,0.91,0.91,1.0,0.0,0.96,0.94,0.95,1.0
201690312,0.91,0.91,1.0,0.0,0.92,0.88,0.94,0.99
199590301,0.91,0.92,1.0,0.0,1.0,0.94,0.96,0.94
201590313,0.9,0.9,0.97,0.0,0.89,1.0,0.86,0.89
201890315,0.92,0.93,1.0,0.0,0.96,1.0,0.94,1.0
199990306,0.9,0.91,1.0,0.0,0.85,0.94,0.95,0.94
199990305,0.91,0.92,1.0,0.0,0.96,0.99,0.96,1.0
200890308,0.91,0.91,1.0,0.0,0.92,0.94,0.86,0.94
201390311,0.91,0.89,1.0,0.0,0.7,0.99,0.68,0.82
199690303,0.91,0.91,1.0,0.0,0.96,1.0,0.96,0.89
201790314,0.92,0.93,1.0,0.0,0.96,1.0,0.96,1.0
200900321,0.88,0.91,1.08,0.6,0.9,0.91,0.94,0.97
202004003,0.9,0.89,1.0,0.4,0.88,0.89,0.82,0.72
202003982,0.98,1.0,1.09,0.6,0.95,0.94,0.95,1.0
201200432,0.93,0.95,1.02,0.75,0.91,0.98,0.87,0.94
202090433,0.91,0.92,1.0,0.0,1.0,0.94,0.9,0.94
202104084,0.94,0.95,1.01,0.35,0.99,0.99,0.85,0.99
201500702,0.97,0.97,1.02,0.82,0.78,0.89,0.86,1.0
201500606,1.0,0.99,1.03,0.0,0.99,1.0,0.86,0.89
202191474,0.87,0.89,1.0,0.0,0.96,1.0,0.95,1.0
202003981,0.99,0.98,1.05,0.82,0.96,0.94,0.9,0.93
202104082,0.9,0.92,1.0,0.0,0.96,0.99,0.98,1.0
202104083,0.93,0.94,1.0,0.3,0.95,0.99,0.99,1.0
202090437,1.0,0.99,1.0,0.0,0.89,0.94,0.86,0.89
201590436,1.0,0.99,1.02,0.0,0.89,0.94,0.82,0.94
202090438,1.0,1.0,1.02,0.0,1.0,0.99,0.91,1.0
202090439,1.0,0.98,1.0,0.0,0.85,0.83,0.82,0.94
202090440,1.0,0.99,1.0,0.0,0.84,0.94,0.86,0.94
200300200,0.85,0.89,1.13,0.52,1.0,1.0,0.98,0.9
200400222,0.95,0.98,1.06,0.32,0.93,0.9,1.0,1.0
201200426,0.92,0.93,1.0,0.1,0.99,0.99,0.94,0.99
201400592,0.92,0.93,1.01,0.0,0.89,1.0,0.82,1.0
200300218,0.87,0.9,1.0,0.0,1.0,1.0,0.99,1.0
200300199,0.92,0.92,0.99,0.35,0.92,0.86,0.81,0.84
201400733,0.91,0.92,1.0,0.32,0.92,0.88,0.86,0.83
200100203,0.9,0.92,1.14,0.35,0.87,0.99,0.99,0.93
200300198,0.93,0.93,1.04,0.35,0.95,0.85,0.82,0.82
200300219,0.91,0.92,1.0,0.35,0.88,1.0,0.96,0.94
200300220,0.91,0.93,1.03,0.35,1.0,1.0,0.9,1.0
201801080,0.91,0.93,1.15,0.12,1.0,1.0,1.0,1.0
200300222,0.92,0.91,1.04,0.3,0.88,0.78,0.86,0.82
200300223,0.94,0.92,1.02,0.3,0.74,0.78,0.77,0.78
200300224,0.92,0.91,1.0,0.0,0.78,0.78,0.7,0.83
201490375,0.92,0.92,1.05,0.0,0.81,0.94,0.91,0.94
200390369,0.92,0.92,1.13,0.35,0.85,0.99,0.93,0.92
200790372,0.92,0.92,1.08,0.0,0.85,0.94,0.82,0.94
200390367,0.92,0.92,1.0,0.0,0.88,1.0,0.86,0.92
201390376,0.92,0.92,1.08,0.0,0.89,0.94,0.86,0.94
200490371,0.92,0.92,1.0,0.0,0.78,1.0,0.86,0.89
201290373,0.92,0.92,1.08,0.0,0.85,1.0,0.82,0.89
201590377,0.92,0.92,1.08,0.0,0.89,1.0,0.82,0.94
200490370,0.92,0.92,1.0,0.0,0.89,0.94,0.96,0.94
200390368,0.92,0.92,1.0,0.0,0.81,1.0,0.91,1.0
200300201,0.94,0.94,1.03,0.45,0.9,0.87,0.9,0.86
201200428,0.95,0.97,1.01,1.0,0.85,0.92,0.92,0.89
202004004,0.89,0.89,0.97,0.3,0.84,0.9,0.83,0.88
201200430,0.94,0.94,1.02,0.0,1.0,0.89,0.82,0.89
201500607,0.93,0.94,1.01,0.02,0.99,1.0,0.99,0.99
201200429,0.92,0.93,1.05,0.0,1.0,0.94,0.94,0.99
201200431,0.98,0.99,1.05,0.35,0.96,0.94,1.0,1.0
201200521,0.92,0.93,1.03,0.0,0.92,0.97,0.94,0.94
200600263,0.97,0.97,1.02,0.5,0.82,0.99,0.94,0.92
201200433,0.9,0.91,1.0,0.6,0.78,0.79,0.84,0.76
201200520,0.96,0.99,1.17,0.6,0.99,1.0,1.0,1.0
201300492,0.97,0.99,1.0,0.28,0.99,0.88,0.84,0.86
201200569,0.92,0.92,1.0,0.28,0.84,0.78,0.86,0.78
201200522,0.91,0.9,1.0,0.25,0.72,0.82,0.67,0.71
201690394,0.95,0.96,1.15,0.0,1.0,1.0,1.0,1.0
201990397,0.95,0.96,1.15,0.0,0.99,0.99,0.98,0.99
201990396,0.95,0.95,1.15,0.0,0.89,0.99,0.99,0.98
202090398,0.95,0.96,1.17,0.0,1.0,1.0,1.0,1.0
201890395,0.95,0.95,1.17,0.0,1.0,1.0,1.0,0.83
201500666,0.96,0.97,1.0,0.3,0.99,0.99,0.95,0.83
201500604,0.91,0.92,1.13,0.3,0.98,0.99,0.94,0.82
201500603,0.96,0.97,1.08,0.55,0.98,0.98,0.88,0.92
201500665,0.99,1.01,1.08,1.0,0.91,0.99,0.99,0.89
201500667,0.97,0.97,1.05,0.65,0.87,0.98,0.88,0.88
201100381,0.98,0.99,1.04,0.6,0.9,0.92,0.92,0.92
200000153,0.97,0.97,1.0,0.6,0.92,0.91,0.92,0.91
202191333,0.94,0.95,1.16,0.0,1.0,0.94,0.99,1.0
201500668,0.97,0.99,1.17,0.92,1.0,1.0,0.99,0.99
201500669,0.96,0.95,1.01,0.3,0.76,0.76,0.9,0.82
201500670,0.96,0.93,0.97,0.3,0.75,0.65,0.61,0.68
201990416,1.0,1.0,1.16,0.0,0.99,0.99,0.98,0.99
201790415,1.0,1.0,1.17,0.0,0.99,0.98,1.0,0.99
201590412,1.0,1.0,1.17,0.0,1.0,1.0,1.0,1.0
201590413,1.0,1.0,1.17,0.0,0.98,0.94,1.0,1.0
201590411,1.0,1.0,1.17,0.0,1.0,1.0,1.0,1.0
201590414,1.0,1.0,1.15,0.0,1.0,0.94,0.99,0.99
198300011,0.71,0.74,1.0,0.0,0.85,0.87,0.89,0.86
199600086,0.71,0.77,1.16,0.0,0.89,0.97,0.95,0.94
200900349,0.98,1.0,1.05,1.0,0.98,0.95,0.96,0.9
201000466,1.0,1.05,1.14,1.0,1.0,0.99,1.0,0.99
201891269,0.98,1.0,1.09,1.0,0.99,0.99,0.98,0.99
201000462,0.98,0.99,1.09,1.0,0.93,0.98,0.96,0.98
202191294,0.99,0.98,1.09,1.0,0.96,0.94,0.95,0.93
201500781,0.99,1.0,1.14,1.0,0.96,0.98,0.98,0.98
202191295,1.0,1.0,1.1,1.0,0.96,1.0,0.99,1.0
201903141,0.98,0.99,1.13,1.0,0.96,1.0,1.0,0.99
201991292,1.0,1.01,1.16,1.0,1.0,0.99,0.99,1.0
201100491,0.91,0.94,1.04,1.0,0.92,0.86,0.89,0.87
201191186,0.95,0.97,1.01,1.0,0.78,0.71,0.74,0.77
201891273,0.87,0.87,1.0,1.0,0.77,0.66,0.72,0.78
201091166,0.7,0.7,1.0,0.0,0.75,0.66,0.71,0.78
201291198,0.9,0.87,1.0,0.0,0.77,0.66,0.72,0.78
201491244,0.85,0.83,1.0,0.0,0.78,0.65,0.7,0.76
201291210,0.85,0.83,1.0,0.0,0.77,0.66,0.73,0.78
201291202,0.91,0.91,1.0,0.0,0.92,0.89,0.9,1.0
200300236,0.98,0.95,1.02,0.53,0.78,0.66,0.73,0.78
201791264,0.0,0.11,1.01,0.0,0.75,0.66,0.72,0.78
201791265,0.0,0.11,1.0,0.0,0.77,0.65,0.72,0.78
201791266,0.0,0.15,1.0,0.0,0.92,0.99,0.98,0.99
201791262,0.0,0.14,1.05,0.0,0.92,0.89,0.9,1.0
201791261,0.0,0.11,1.01,0.0,0.76,0.66,0.72,0.78
201391227,0.0,0.15,1.0,0.0,0.92,0.99,1.0,1.0
201291213,0.0,0.11,1.01,0.0,0.77,0.66,0.72,0.77
201491241,0.0,0.15,1.0,0.0,0.92,0.99,0.99,0.99
201291197,0.0,0.15,1.02,0.0,0.91,0.99,0.98,1.0
201491243,0.0,0.11,1.0,0.0,0.74,0.64,0.71,0.75
201291211,0.0,0.11,0.99,0.0,0.77,0.65,0.72,0.78
201391226,0.85,0.87,1.0,0.0,0.92,1.0,0.98,1.0
201291219,0.9,0.87,1.0,0.25,0.76,0.65,0.72,0.76
201291214,0.0,0.11,1.0,0.0,0.78,0.66,0.72,0.78
201591251,0.0,0.11,1.02,0.0,0.76,0.66,0.72,0.78
201291215,0.0,0.11,1.01,0.0,0.78,0.66,0.72,0.78
201491240,0.0,0.11,0.98,0.0,0.76,0.63,0.7,0.76
201491239,0.0,0.11,1.0,0.0,0.76,0.65,0.72,0.76
201491242,0.0,0.11,1.0,0.0,0.77,0.65,0.72,0.78
201391225,0.0,0.11,1.0,0.0,0.77,0.65,0.71,0.77
199291299,0.0,0.11,1.0,0.0,0.77,0.66,0.72,0.78
201191183,0.0,0.11,1.0,0.0,0.78,0.66,0.72,0.78
201291218,0.85,0.83,1.0,0.0,0.78,0.66,0.7,0.78
201591252,0.0,0.11,1.0,0.0,0.77,0.66,0.71,0.78
201291217,0.0,0.11,1.01,0.0,0.77,0.66,0.72,0.77
201291216,0.0,0.11,1.0,0.0,0.76,0.66,0.71,0.78
201391229,0.0,0.11,1.0,0.0,0.78,0.66,0.72,0.78
201291200,0.0,0.11,1.0,0.0,0.78,0.66,0.72,0.78
201791263,0.0,0.11,1.0,0.0,0.76,0.65,0.72,0.76
201291201,0.0,0.11,1.0,0.0,0.78,0.66,0.72,0.78
201191182,0.9,0.91,1.0,0.0,0.92,1.0,0.91,0.98
201191187,0.9,0.91,1.01,0.0,1.0,0.99,0.98,0.94
201391224,0.9,0.91,1.08,0.0,1.0,0.99,0.99,0.99
200291117,0.9,0.91,1.17,0.0,0.98,0.99,0.99,0.99
201591253,0.9,0.91,1.0,0.0,0.99,0.99,1.0,0.94
201191184,0.9,0.95,1.01,1.0,0.96,1.0,0.93,0.97
201291212,0.9,0.91,1.0,0.25,0.96,0.88,0.94,1.0
201291209,0.9,0.91,1.03,0.25,0.92,0.99,0.89,0.94
200591129,0.88,0.9,1.0,0.0,0.99,1.0,1.0,1.0
200891142,0.9,0.91,1.05,0.0,0.99,1.0,1.0,1.0
201591250,0.9,0.91,1.0,0.0,0.99,1.0,0.91,1.0
200200203,0.91,0.92,1.02,1.0,0.9,0.87,0.81,0.9
201500640,0.9,0.94,1.12,1.0,0.94,0.94,0.94,0.94
200591127,0.9,0.84,1.16,0.0,0.44,0.49,0.6,0.49
199291300,0.9,0.92,1.16,0.45,0.98,1.0,1.0,0.94
200591124,0.9,0.92,1.0,0.2,0.99,0.99,0.98,0.93
200991160,0.9,0.91,1.01,0.0,0.98,0.99,1.0,0.99
201491231,0.9,0.91,0.99,0.0,0.98,0.96,0.88,0.97
200591123,0.9,0.91,1.0,0.0,0.91,0.99,0.89,0.99
199991305,0.9,0.91,1.0,0.0,0.99,0.99,0.98,0.99
201491232,0.9,0.9,0.96,0.0,0.88,0.88,0.76,0.94
201191173,0.82,0.86,1.01,0.0,0.98,0.99,0.9,0.99
200991153,0.9,0.91,1.0,0.0,0.99,0.99,0.89,0.99
201891268,0.9,0.91,1.0,0.0,0.99,1.0,0.9,1.0
200100183,0.92,0.95,1.1,0.55,0.97,0.98,1.0,0.99
200900339,0.99,1.0,1.07,1.0,0.92,0.86,0.94,0.89
201400786,0.72,0.79,1.1,1.0,0.91,0.86,0.8,0.92
201991287,0.98,1.0,1.14,1.0,0.92,0.97,1.0,0.97
202191298,0.99,0.99,1.17,1.0,1.0,1.0,1.0,1.0
201991288,1.0,1.0,1.0,1.0,0.95,0.99,0.85,0.88
202191297,0.72,0.7,1.0,1.0,0.65,0.66,0.55,0.49
200291118,0.69,0.71,1.01,0.88,0.88,0.81,0.61,0.76
201000476,1.0,1.01,0.98,1.0,0.95,1.0,0.85,0.92
202191296,0.72,0.76,1.03,1.0,0.98,1.0,0.9,1.0
201500740,0.95,0.97,1.06,1.0,0.96,0.93,0.94,0.94
201400780,0.96,0.97,1.06,1.0,0.96,0.94,0.94,0.94
201200659,0.94,0.95,1.06,0.65,0.95,0.94,0.95,0.93
201000474,0.94,0.95,1.05,0.3,0.95,0.94,0.96,0.94
201100450,0.96,0.96,1.05,0.75,0.96,0.94,0.95,0.94
200591128,0.86,0.88,1.01,0.35,0.95,0.92,0.92,0.91
201200650,1.0,1.01,1.05,1.0,0.96,0.94,0.96,0.94
200091112,0.82,0.83,1.06,0.35,0.89,0.89,0.9,0.91
201400646,0.95,1.0,1.12,1.0,0.98,0.98,0.95,1.0
202003966,0.82,0.86,1.03,1.0,0.92,0.88,0.88,0.83
201100541,0.9,0.91,0.91,0.63,0.87,0.94,0.82,0.89
200000206,0.88,0.9,0.86,0.33,0.93,0.98,0.9,0.87
201500461,0.94,0.94,0.92,0.93,0.95,0.94,0.85,0.82
202104081,0.98,0.98,0.96,1.0,0.96,0.99,0.95,1.0
201291203,0.6,0.64,1.02,0.25,0.77,0.78,0.86,0.94
201791260,0.82,0.85,1.0,0.8,0.8,0.98,0.94,0.99
202191293,0.82,0.84,1.02,1.0,0.83,1.0,0.82,0.94
201191185,0.0,0.13,0.89,0.0,0.92,0.94,0.8,0.88
201891283,0.0,0.13,0.89,0.0,0.92,0.94,0.8,0.88
201491238,0.0,0.15,0.9,0.0,0.92,0.94,0.86,0.94
201891272,0.0,0.13,0.9,0.0,0.92,0.94,0.8,0.88
201300747,0.92,0.93,1.13,0.2,0.95,0.99,1.0,1.0
201600766,0.88,0.89,0.97,1.0,0.82,0.88,0.84,0.78
201491237,0.87,0.88,1.05,1.0,0.85,1.0,0.86,0.89
200500292,0.86,0.89,1.09,1.0,0.82,0.94,0.94,0.97
201691257,0.0,0.15,1.15,0.0,1.0,0.99,0.98,1.0
201991291,0.0,0.15,1.17,0.0,0.99,0.99,0.98,1.0
201291192,0.88,0.89,1.16,0.0,0.99,0.99,1.0,1.0
201591245,0.81,0.84,1.16,0.0,0.98,0.98,0.98,0.99
201991290,0.0,0.15,1.17,0.0,0.99,1.0,0.99,1.0
201391223,0.0,0.15,1.17,0.0,1.0,1.0,1.0,1.0
201291190,0.0,0.15,1.15,0.0,0.99,0.99,0.99,1.0
202104039,0.8,0.81,0.98,1.0,0.82,0.86,0.88,0.82
200900346,0.96,1.0,1.17,0.75,0.95,0.92,0.9,0.93
201700973,0.88,0.89,1.09,1.0,0.85,0.99,0.86,0.89
201291191,0.81,0.84,1.12,1.0,0.85,1.0,0.86,0.94
200891144,0.87,0.89,0.97,0.63,0.85,1.0,0.86,0.94
200891146,0.87,0.87,1.05,0.0,0.84,0.99,0.85,0.89
200691130,0.87,0.87,1.05,0.0,0.82,0.96,0.82,0.94
201991285,0.87,0.87,1.05,0.0,0.83,0.99,0.85,0.89
201991286,0.81,0.82,1.05,0.25,0.84,0.99,0.84,0.88
201991284,0.87,0.87,1.05,0.0,0.84,0.99,0.86,0.93
200991163,0.87,0.86,0.98,0.0,0.72,0.71,0.95,0.88
202104040,0.89,0.88,0.94,1.0,0.81,0.7,0.79,0.69
201600743,0.98,0.99,1.16,1.0,0.89,1.0,1.0,1.0
200000163,0.94,0.94,1.0,0.0,0.89,0.84,0.85,0.92
201200666,0.99,0.97,0.97,0.0,0.7,0.76,0.67,0.82
201891282,0.89,0.87,1.01,0.0,0.78,0.72,0.64,0.71
201891281,0.85,0.84,1.02,0.0,0.76,0.89,0.73,0.89
201100540,0.9,0.88,1.07,0.0,0.66,0.72,0.78,0.78
201500838,0.97,0.99,1.11,0.0,1.0,1.0,1.0,1.0
201500782,0.94,0.94,1.02,0.45,0.89,0.89,0.78,0.94
201500686,0.89,0.92,1.02,0.7,0.84,0.92,0.9,0.92
201300551,0.91,0.93,0.95,1.0,0.94,0.81,0.89,0.88
201491236,0.94,0.95,1.1,0.0,1.0,0.99,0.98,1.0
200991152,0.85,0.88,1.11,0.0,1.0,0.99,1.0,0.99
200891145,0.0,0.11,1.01,0.0,0.71,0.82,0.72,0.71
201091169,0.0,0.12,1.05,0.0,0.73,0.88,0.72,0.89
200991156,0.91,0.89,0.97,0.0,0.73,0.88,0.53,0.88
201801107,0.88,0.91,1.15,1.0,0.98,1.0,1.0,1.0
201700834,0.98,0.98,1.0,0.0,0.99,0.99,0.9,0.88
200291114,0.93,0.91,1.05,0.0,0.87,0.74,0.86,0.87
200991155,0.97,0.96,1.0,0.2,0.81,0.89,0.9,0.89
201891278,0.93,0.93,1.0,0.0,1.0,0.99,0.98,1.0
201291207,0.95,0.92,1.01,0.0,0.77,0.66,0.59,0.94
201291195,0.0,0.13,1.0,0.0,0.84,0.88,0.76,0.88
200791135,0.0,0.12,0.97,0.0,0.77,0.75,0.77,0.88
201991289,0.0,0.14,1.0,0.0,0.92,0.94,0.9,1.0
201091208,0.94,0.93,1.05,0.0,0.8,0.88,0.9,0.89
200091111,0.0,0.11,1.0,0.0,0.69,0.77,0.66,0.82
200891139,0.95,0.96,1.15,0.0,0.99,0.99,0.98,0.99
200391121,0.0,0.13,0.97,0.0,0.85,0.83,0.85,0.94
201591254,0.98,0.97,1.05,0.0,0.81,0.89,0.91,0.89
201791259,0.95,0.92,1.0,0.0,0.69,0.77,0.66,0.82
200700318,0.91,0.91,1.14,0.5,0.94,0.92,0.85,0.98
201391230,0.92,0.91,1.0,0.0,0.74,0.89,0.72,0.89
201491235,0.0,0.93,1.02,0.0,0.78,0.83,0.68,0.89
201191179,0.0,0.12,1.0,0.0,0.88,0.76,0.77,0.89
201491234,0.98,0.96,1.0,0.0,0.77,0.77,0.86,0.88
201591249,1.0,0.96,1.0,0.0,0.73,0.78,0.64,0.78
201091171,0.0,0.15,1.01,0.0,1.0,1.0,1.0,1.0
201000467,0.96,0.98,1.09,1.0,0.89,0.9,0.92,0.94
200891140,0.98,0.95,0.98,0.65,0.92,0.72,0.8,0.83
201291199,0.0,0.13,0.93,0.0,0.96,0.89,0.68,0.83
201191189,0.9,0.9,1.04,0.0,0.87,0.88,0.9,0.88
201891271,0.0,0.11,0.95,0.0,0.88,0.61,0.6,0.78
201891270,0.0,0.13,0.93,0.0,0.96,0.83,0.82,0.78
201491233,0.0,0.92,1.01,0.0,1.0,0.99,0.98,1.0
201391221,0.0,0.11,1.0,0.0,0.7,0.78,0.68,0.83
199991304,0.91,0.88,1.0,0.0,0.7,0.78,0.68,0.83
200300228,0.88,0.89,1.0,0.45,0.9,0.88,0.93,0.92
201191175,0.82,0.81,1.0,0.0,0.73,0.78,0.78,0.78
202104118,0.75,0.79,1.17,0.3,1.0,0.99,0.98,1.0
201591248,0.91,0.88,1.0,0.0,0.73,0.78,0.64,0.78
201591246,0.0,0.12,1.0,0.0,0.8,0.83,0.73,0.78
201191177,0.0,0.11,1.0,0.0,0.73,0.78,0.64,0.78
200991161,0.0,0.11,1.0,0.0,0.73,0.78,0.64,0.78
200391119,0.0,0.12,1.0,0.0,0.8,0.83,0.73,0.78
200591125,0.0,0.12,1.0,0.0,0.8,0.83,0.73,0.78
201291206,0.0,0.12,1.0,0.0,0.8,0.83,0.73,0.78
200591126,0.0,0.11,1.0,0.0,0.73,0.78,0.64,0.78
200291116,0.0,0.11,1.0,0.0,0.73,0.78,0.64,0.78
200991158,0.0,0.11,1.0,0.0,0.73,0.78,0.64,0.78
200891151,0.0,0.11,1.0,0.0,0.73,0.78,0.64,0.78
201291204,0.84,0.83,1.0,0.0,0.73,0.78,0.64,0.78
200791133,0.0,0.11,1.0,0.0,0.73,0.78,0.64,0.78
200991154,0.0,0.12,1.0,0.0,0.8,0.83,0.73,0.78
201591247,0.0,0.12,0.97,0.0,0.8,0.83,0.73,0.78
200991157,0.0,0.12,1.0,0.0,0.8,0.83,0.73,0.78
201291205,0.0,0.12,1.0,0.0,0.8,0.83,0.73,0.78
200791134,0.0,0.12,1.0,0.0,0.8,0.83,0.73,0.78
201191178,0.0,0.12,1.0,0.0,0.8,0.83,0.73,0.78
201191176,0.0,0.11,1.0,0.0,0.73,0.78,0.64,0.78
201200628,0.9,0.92,1.08,1.0,0.95,0.93,0.85,0.97
200091113,0.96,0.95,1.01,0.85,0.89,0.86,0.86,0.91
201891280,0.94,0.91,0.99,0.0,0.75,0.81,0.6,0.67
202104038,0.93,0.94,1.09,1.0,0.8,0.82,0.9,0.92
201191174,0.98,0.96,1.06,0.0,0.84,0.82,0.94,0.92
201391222,1.0,0.97,1.0,0.0,0.73,0.88,0.86,0.94
201191188,0.96,0.94,0.92,0.0,0.66,0.82,0.84,0.88
200891149,0.94,0.91,0.95,0.0,0.76,0.77,0.58,0.88
201891279,0.87,0.89,1.01,0.05,1.0,1.0,1.0,1.0
201091170,0.92,0.91,0.97,0.0,0.83,0.87,0.74,0.93
200991162,0.94,0.94,1.0,0.0,1.0,0.88,0.8,0.94
201891277,0.95,0.92,1.0,0.0,0.68,0.77,0.66,0.83
201891275,0.94,0.92,0.94,0.0,0.71,0.81,0.66,0.88
200291115,0.95,0.92,1.01,0.0,0.79,0.82,0.66,0.83
201891276,0.95,0.96,1.15,0.0,0.99,1.0,1.0,1.0
200891148,0.0,0.11,1.0,0.0,0.69,0.77,0.66,0.82
200691131,0.0,0.12,0.95,0.0,0.85,0.82,0.72,0.88
200791132,0.0,0.11,1.0,0.0,0.77,0.76,0.71,0.76
200991165,0.0,0.13,0.97,0.0,0.84,0.82,0.84,0.93
200891141,0.0,0.12,1.0,0.0,0.74,0.89,0.76,0.94
200891143,0.0,0.12,1.01,0.0,0.83,0.81,0.71,0.88
201791258,0.0,0.12,0.95,0.0,0.84,0.81,0.71,0.88
200891147,0.0,0.14,1.0,0.0,0.92,0.92,0.8,0.98
200991159,0.0,0.11,1.05,0.0,0.76,0.66,0.58,0.93
201191180,0.0,0.12,1.0,0.0,0.78,0.82,0.75,0.87
201591255,0.0,0.12,1.15,0.0,0.69,0.83,0.86,0.89
201291194,0.93,0.93,1.0,0.38,0.92,0.94,0.91,1.0
200791136,0.0,0.14,1.02,0.3,0.91,0.94,0.89,0.99
201691256,0.0,0.14,1.0,0.0,0.94,0.93,0.9,0.94
201191181,0.93,0.91,1.02,0.0,0.72,0.82,0.67,0.88
201091168,0.95,0.93,0.97,0.0,0.76,0.82,0.76,0.93
200891137,0.95,0.92,0.99,0.0,0.81,0.76,0.5,0.88
201091167,0.0,0.12,1.01,0.0,0.85,0.77,0.67,0.77
199691301,0.0,0.11,0.95,0.0,0.75,0.77,0.73,0.78
200891150,0.74,0.74,1.0,0.3,0.7,0.77,0.68,0.83
201191172,0.0,0.11,0.95,0.0,0.73,0.77,0.56,0.76
200891138,0.0,0.11,1.0,0.0,0.69,0.77,0.66,0.82
200391120,0.0,0.12,1.0,0.0,0.83,0.77,0.72,0.89
201291193,0.0,0.12,1.0,0.0,0.72,0.82,0.67,0.89
201200627,0.96,1.0,1.12,1.0,0.91,1.0,0.97,0.99
201891274,0.99,1.01,0.98,1.0,0.8,0.99,0.9,0.99
200200204,0.75,0.8,1.15,1.0,0.98,1.0,1.0,1.0
201903049,0.87,0.9,0.99,1.0,0.93,0.92,0.92,0.9
201500714,0.86,0.89,1.03,0.9,0.95,0.9,0.91,0.94
201100456,0.95,0.98,1.13,1.0,0.99,0.98,0.94,1.0
201300640,0.98,1.03,1.1,1.0,1.0,1.0,0.97,0.97
201600847,0.97,0.99,1.17,1.0,1.0,1.0,0.96,1.0
202191338,0.99,0.99,1.17,1.0,1.0,1.0,1.0,1.0
201391228,0.8,0.83,1.01,1.0,1.0,0.82,1.0,1.0
200900356,0.8,0.85,1.0,1.0,0.98,0.99,0.98,0.98
199700159,0.8,0.84,0.92,1.0,0.99,0.99,0.94,0.92
201500837,1.0,1.01,1.09,1.0,1.0,1.0,0.99,1.0
200591122,0.69,0.73,0.95,0.05,1.0,0.99,0.94,0.93
201100425,0.92,0.95,1.07,0.83,0.96,1.0,0.92,0.97
201400749,0.93,0.95,1.02,0.55,1.0,1.0,1.0,1.0
201291196,0.9,0.93,1.07,1.0,1.0,1.0,1.0,0.99
201700891,0.96,0.95,1.08,0.0,0.81,0.78,0.82,0.83
201400605,0.98,1.01,1.12,1.0,0.95,1.0,0.92,0.98
201500639,0.89,0.92,1.1,0.35,0.99,1.0,0.98,0.99
201903247,0.84,0.85,1.01,1.0,0.92,0.95,0.93,0.92
199900164,0.91,0.94,1.03,1.0,0.94,0.88,0.88,0.96
200900333,0.95,0.98,1.16,1.0,0.94,1.0,1.0,0.93
201300491,0.87,0.9,1.11,1.0,1.0,1.0,1.0,1.0
201200465,0.93,0.95,1.1,1.0,0.94,0.85,0.9,0.93
200500267,1.0,0.99,1.03,1.0,0.85,0.82,0.88,0.93
201100513,1.0,1.0,1.03,1.0,0.96,0.94,0.95,0.88
201600696,1.0,0.98,1.03,1.0,0.88,0.81,0.75,0.88
202003849,0.93,0.96,1.11,1.0,1.0,1.0,0.91,1.0
201801013,0.9,0.92,1.01,1.0,0.99,0.99,0.96,1.0
201000373,1.0,1.0,1.0,1.0,0.89,0.99,0.89,0.99
201000428,0.99,0.99,1.01,1.0,0.89,1.0,0.86,1.0
201600873,1.0,1.0,1.0,1.0,1.0,0.99,0.84,0.99
201600872,0.98,0.99,1.07,1.0,0.92,0.86,0.77,0.98
201200511,0.97,0.98,1.15,1.0,0.8,0.89,0.96,0.96
201200661,0.97,1.0,1.13,1.0,1.0,0.99,0.9,0.94
201700833,1.0,1.02,1.12,1.0,0.85,1.0,0.96,1.0
201100520,1.0,1.0,1.15,1.0,0.95,1.0,0.95,0.94
200100168,0.87,0.91,1.05,1.0,0.99,0.94,0.96,1.0
199900157,0.8,0.83,1.02,1.0,0.95,0.9,0.81,0.9
200400244,0.8,0.82,1.02,1.0,0.9,0.84,0.75,0.88
201700692,1.0,1.0,1.15,1.0,0.95,1.0,0.94,0.97
200000201,1.0,1.01,1.01,0.75,1.0,0.98,0.96,1.0
202104050,1.0,0.98,1.01,1.0,0.85,0.94,0.86,0.88
202104042,0.92,0.92,1.0,1.0,0.83,1.0,0.86,0.82
201801011,0.98,0.98,1.01,1.0,0.96,0.94,0.86,0.94
201903382,1.0,1.01,1.13,1.0,0.99,1.0,1.0,0.94
201801050,1.0,1.02,1.16,1.0,0.98,1.0,0.99,0.94
200500249,0.96,0.99,1.1,1.0,0.87,0.99,1.0,1.0
201700791,0.96,1.0,1.03,1.0,0.84,1.0,1.0,1.0
200000193,0.94,0.93,0.96,1.0,0.85,0.74,0.74,0.87
201000468,0.97,0.95,0.99,1.0,0.9,0.78,0.76,0.82
201500821,0.95,0.94,1.01,1.0,0.77,0.81,0.75,0.81
201300564,1.0,1.01,1.1,1.0,1.0,0.94,1.0,0.89
201600759,1.0,1.0,1.0,1.0,0.96,0.89,0.9,0.94
201000392,1.0,0.99,0.98,1.0,0.95,0.94,0.91,0.89
201500823,1.0,0.98,1.01,1.0,0.85,0.78,0.68,0.83
201200518,0.98,0.95,1.01,1.0,0.83,0.71,0.64,0.7
201600714,1.0,0.98,1.02,1.0,0.78,0.78,0.73,0.83
201200632,1.0,0.99,1.03,0.95,0.88,0.81,0.8,0.84
201903258,1.0,1.02,0.96,0.98,0.96,0.89,0.78,0.94
201903482,0.98,0.96,0.93,0.73,0.95,0.78,0.95,0.78
200000184,0.98,0.97,1.02,1.0,0.88,0.85,0.8,0.88
200100202,0.96,0.96,1.07,1.0,0.86,0.81,0.84,0.78
200000165,0.88,0.89,1.07,0.3,0.89,0.83,0.88,0.94
201200663,0.96,0.97,1.12,0.9,0.92,0.99,0.98,0.76
200100222,0.89,0.91,1.02,1.0,0.95,0.99,0.96,0.98
201500731,1.0,0.99,1.09,1.0,0.85,1.0,1.0,1.0
201600725,0.91,0.91,1.0,0.25,0.8,0.88,0.81,0.87
200100194,0.96,0.95,1.15,0.63,0.88,0.81,0.84,0.83
201500768,0.91,0.93,0.99,0.25,0.89,1.0,1.0,1.0
201700985,0.92,0.94,1.13,0.25,0.87,1.0,1.0,1.0
200000198,0.91,0.91,1.17,0.25,0.89,0.83,0.86,0.89
200100213,0.92,0.93,1.17,0.25,0.89,0.83,0.86,0.89
200000195,0.92,0.93,1.16,0.25,0.89,0.83,0.86,0.89
201200625,0.92,0.93,1.17,0.25,0.88,0.82,0.85,0.87
200000186,0.93,0.93,1.17,0.38,0.89,0.83,0.86,0.89
201600760,0.89,0.84,1.13,0.03,0.31,0.42,0.66,0.65
200000207,0.92,0.93,1.17,0.25,0.89,0.83,0.86,0.89
201600726,0.96,0.98,1.17,0.38,1.0,1.0,1.0,1.0
200300214,0.97,0.98,1.17,0.85,0.85,1.0,1.0,1.0
201700851,0.9,0.89,1.03,0.0,0.88,0.82,0.84,0.87
201903683,0.9,0.92,1.0,0.0,1.0,1.0,1.0,1.0
200000190,0.9,0.92,1.0,0.0,0.99,0.99,0.98,0.98
201300570,0.9,0.93,1.0,0.0,0.99,0.99,0.98,0.98
201000472,1.0,0.97,0.93,0.95,0.81,0.66,0.66,0.78
201100501,0.99,1.0,1.17,1.0,0.98,1.0,1.0,1.0
200000202,0.96,0.97,1.17,0.0,1.0,1.0,1.0,1.0
201500728,0.99,1.0,1.08,1.0,0.82,0.9,0.94,0.84
201100426,0.99,0.99,0.94,1.0,0.99,0.89,0.68,0.99
201903259,1.0,1.03,1.07,1.0,0.9,0.89,0.88,0.94
201903260,1.0,1.01,1.09,1.0,0.97,0.92,0.96,0.91
202104117,1.0,0.97,1.0,1.0,0.83,0.83,0.77,0.72
202104107,1.0,1.0,1.02,1.0,1.0,0.94,0.82,0.94
202003969,0.98,0.97,0.95,1.0,0.86,0.87,0.88,0.94
201300811,0.96,0.96,0.92,1.0,0.89,0.89,0.91,0.94
201903716,1.0,1.01,1.17,1.0,0.88,0.99,0.99,0.99
200100211,0.92,0.92,0.94,1.0,0.95,0.77,0.67,0.71
201200484,0.89,0.89,1.03,0.45,0.62,0.78,0.73,0.81
200100204,1.0,1.01,1.11,1.0,0.98,1.0,1.0,0.97
200000185,0.98,0.96,0.98,1.0,0.82,0.81,0.79,0.69
201300641,0.98,0.97,0.97,1.0,0.91,0.86,0.87,0.78
201400747,0.96,1.01,1.12,1.0,0.99,0.99,0.98,1.0
199800136,0.75,0.79,1.04,1.0,0.95,0.94,0.9,0.98
200700329,0.85,0.85,1.0,1.0,0.75,0.78,0.76,0.72
201200483,1.0,1.01,1.13,1.0,0.98,1.0,1.0,1.0
201800839,0.96,0.96,0.95,0.5,0.91,0.88,0.85,0.71
201903263,0.87,0.88,1.01,0.0,0.85,0.94,0.77,0.81
201700982,0.93,0.93,0.97,0.48,0.85,0.78,0.78,0.74
201903039,0.88,0.9,1.0,0.2,0.99,0.98,0.98,0.97
202003848,0.88,0.89,1.01,0.0,0.85,0.82,0.82,0.88
201903256,0.86,0.87,1.01,0.2,0.85,0.83,0.82,0.89
201903038,0.88,0.88,1.0,0.2,0.87,0.82,0.8,0.87
201800910,0.9,0.88,1.15,0.35,0.81,0.91,0.84,0.81
201903262,0.87,0.88,1.01,0.2,0.89,0.83,0.8,0.89
201903268,0.88,0.88,1.0,0.0,0.88,0.83,0.82,0.89
202104090,0.87,0.85,1.06,0.0,0.74,0.76,0.76,0.77
201903684,0.88,0.87,1.02,0.2,0.74,0.78,0.78,0.78
201800909,0.87,0.87,0.99,0.2,0.73,0.78,0.77,0.78
201700981,0.9,0.9,1.01,0.13,0.85,0.77,0.76,0.78
201600724,0.98,0.95,1.01,0.95,0.74,0.78,0.76,0.78
201903264,0.87,0.88,1.0,0.2,0.88,0.83,0.82,0.89
201700983,0.96,0.95,1.0,0.68,0.83,0.76,0.76,0.77
201700984,0.88,0.87,1.03,0.2,0.85,0.78,0.76,0.78
201600792,0.99,0.99,1.12,1.0,1.0,1.0,0.82,0.89
201903267,1.0,1.0,1.12,1.0,0.96,0.83,0.9,1.0
201700980,1.0,1.0,1.12,1.0,0.96,0.94,0.91,1.0
201100529,0.86,0.87,1.0,0.2,0.88,1.0,0.72,0.94
201800907,0.88,0.9,1.0,1.0,0.88,1.0,0.94,0.94
201000372,0.89,0.91,0.98,1.0,0.84,1.0,0.91,0.94
201801087,0.9,0.92,0.97,1.0,0.96,1.0,0.91,0.99
202003794,0.89,0.9,1.01,1.0,0.96,0.88,0.78,0.94
201700962,0.87,0.88,1.01,1.0,0.96,0.89,0.77,0.94
202003850,1.0,1.01,1.17,1.0,0.99,1.0,1.0,1.0
201500720,1.0,1.01,1.15,1.0,0.99,1.0,0.99,1.0
201100446,1.0,1.01,1.16,1.0,0.99,0.99,1.0,0.99
200400237,1.0,1.01,1.1,1.0,0.78,0.96,0.98,1.0
201800858,0.98,0.99,1.01,0.8,0.96,0.94,0.91,1.0
201100512,1.0,1.02,1.03,1.0,0.99,0.92,0.86,0.92
201100521,0.93,0.94,1.03,0.55,0.98,0.98,0.9,0.94
200300232,1.0,1.0,1.06,1.0,0.96,0.94,0.91,0.94
199900159,1.0,1.0,1.04,1.0,0.96,1.0,0.86,1.0
201800934,1.0,1.0,1.01,0.7,0.94,0.89,0.87,0.9
200000200,1.0,1.01,1.01,1.0,0.96,0.94,0.96,0.94
201200589,1.0,0.99,1.01,0.0,1.0,1.0,0.86,1.0
201500687,0.96,0.98,1.08,1.0,0.92,1.0,1.0,0.97
201700803,0.96,0.96,1.11,1.0,0.95,0.82,0.96,1.0
200100220,0.96,0.98,1.04,1.0,0.96,0.93,0.8,0.99
201801009,0.91,0.92,1.17,1.0,0.95,0.88,0.95,1.0
201800908,0.92,0.93,1.07,0.75,0.95,1.0,0.91,1.0
202003817,0.99,0.97,1.04,0.0,0.85,0.77,0.86,0.83
201700994,0.89,0.9,1.09,0.2,0.85,0.78,0.78,0.78
200300217,0.94,0.96,1.08,1.0,0.95,0.92,0.86,0.92
200100216,0.98,0.96,0.94,1.0,0.87,0.8,0.74,0.82
200000197,0.93,0.93,1.03,0.7,0.85,0.88,0.84,0.89
200100205,0.93,0.93,1.02,0.63,0.85,0.97,0.92,0.94
200100212,0.95,0.97,1.18,0.8,0.94,0.97,1.0,0.94
202003946,0.99,1.01,1.1,1.0,0.9,0.91,0.89,0.93
201200662,1.0,1.01,1.16,1.0,1.0,1.0,1.0,1.0
200000164,0.85,0.87,1.05,0.0,0.95,0.94,0.77,1.0
201200485,0.93,0.93,1.02,0.0,0.95,0.98,1.0,1.0
201100495,0.99,0.99,1.02,0.5,0.95,1.0,0.99,0.99
201000429,0.93,0.92,1.06,0.2,0.95,0.94,0.76,0.99
201000471,0.93,0.94,1.0,0.0,0.95,1.0,0.98,1.0
201000430,0.93,0.94,1.0,0.0,0.96,0.99,0.99,0.99
201000431,0.93,0.93,1.06,0.0,0.96,0.94,0.76,1.0
202104021,0.93,0.93,1.07,0.2,0.95,0.94,0.77,1.0
200900350,1.0,1.01,1.17,1.0,0.99,1.0,1.0,1.0
201000393,0.99,0.95,1.01,0.58,0.65,0.72,0.68,0.66
200800348,0.93,0.95,1.16,1.0,1.0,1.0,1.0,1.0
200100421,0.91,0.92,1.11,1.0,0.88,0.88,0.86,0.87
199500919,0.93,0.94,1.09,0.0,0.88,0.87,0.98,0.81
201929411,0.93,0.93,0.93,1.0,0.91,0.88,0.7,0.77
